centrality,bin_low,bin_high,bin_center,bin_width,counts,dN_deta
all,-0.8,-0.7733333333333334,-0.7866666666666667,0.026666666666666616,3163,593.0625000000011
all,-0.7733333333333334,-0.7466666666666667,-0.76,0.026666666666666727,3236,606.7499999999986
all,-0.7466666666666667,-0.7200000000000001,-0.7333333333333334,0.026666666666666616,3274,613.8750000000013
all,-0.7200000000000001,-0.6933333333333334,-0.7066666666666668,0.026666666666666727,3315,621.5624999999985
all,-0.6933333333333334,-0.6666666666666667,-0.68,0.026666666666666616,3252,609.7500000000013
all,-0.6666666666666667,-0.64,-0.6533333333333333,0.026666666666666727,3199,599.8124999999986
all,-0.64,-0.6133333333333334,-0.6266666666666667,0.026666666666666616,3394,636.3750000000011
all,-0.6133333333333334,-0.5866666666666667,-0.6000000000000001,0.026666666666666727,3225,604.6874999999986
all,-0.5866666666666667,-0.56,-0.5733333333333334,0.026666666666666616,3407,638.8125000000013
all,-0.56,-0.5333333333333334,-0.5466666666666667,0.026666666666666616,3428,642.7500000000013
all,-0.5333333333333334,-0.5066666666666667,-0.52,0.026666666666666727,3397,636.9374999999985
all,-0.5066666666666667,-0.48000000000000004,-0.4933333333333334,0.026666666666666672,3521,660.1874999999999
all,-0.48000000000000004,-0.45333333333333337,-0.4666666666666667,0.026666666666666672,3666,687.3749999999998
all,-0.45333333333333337,-0.4266666666666667,-0.44000000000000006,0.026666666666666672,3638,682.1249999999999
all,-0.4266666666666667,-0.4,-0.41333333333333333,0.026666666666666672,3569,669.1874999999998
all,-0.4,-0.37333333333333335,-0.3866666666666667,0.026666666666666672,3658,685.8749999999999
all,-0.37333333333333335,-0.3466666666666667,-0.36,0.026666666666666672,3657,685.6874999999999
all,-0.3466666666666667,-0.32,-0.33333333333333337,0.026666666666666672,3830,718.1249999999998
all,-0.32,-0.29333333333333333,-0.30666666666666664,0.026666666666666672,3954,741.3749999999999
all,-0.29333333333333333,-0.2666666666666667,-0.28,0.026666666666666616,3816,715.5000000000013
all,-0.2666666666666667,-0.24,-0.25333333333333335,0.026666666666666727,3829,717.9374999999983
all,-0.24,-0.21333333333333337,-0.22666666666666668,0.026666666666666616,4012,752.2500000000014
all,-0.21333333333333337,-0.18666666666666665,-0.2,0.026666666666666727,4000,749.9999999999983
all,-0.18666666666666665,-0.16000000000000003,-0.17333333333333334,0.026666666666666616,4011,752.0625000000014
all,-0.16000000000000003,-0.1333333333333333,-0.14666666666666667,0.026666666666666727,4105,769.6874999999982
all,-0.1333333333333333,-0.10666666666666669,-0.12,0.026666666666666616,4051,759.5625000000014
all,-0.10666666666666669,-0.07999999999999996,-0.09333333333333332,0.026666666666666727,4026,754.8749999999983
all,-0.07999999999999996,-0.053333333333333344,-0.06666666666666665,0.026666666666666616,4144,777.0000000000015
all,-0.053333333333333344,-0.026666666666666616,-0.03999999999999998,0.026666666666666727,4123,773.0624999999982
all,-0.026666666666666616,0.0,-0.013333333333333308,0.026666666666666616,4155,779.0625000000014
all,0.0,0.026666666666666727,0.013333333333333364,0.026666666666666727,4113,771.1874999999983
all,0.026666666666666727,0.053333333333333344,0.040000000000000036,0.026666666666666616,4237,794.4375000000015
all,0.053333333333333344,0.07999999999999996,0.06666666666666665,0.026666666666666616,4085,765.9375000000015
all,0.07999999999999996,0.10666666666666669,0.09333333333333332,0.026666666666666727,3936,737.9999999999983
all,0.10666666666666669,0.1333333333333333,0.12,0.026666666666666616,4006,751.1250000000015
all,0.1333333333333333,0.16000000000000003,0.14666666666666667,0.026666666666666727,3987,747.5624999999983
all,0.16000000000000003,0.18666666666666665,0.17333333333333334,0.026666666666666616,4211,789.5625000000015
all,0.18666666666666665,0.21333333333333337,0.2,0.026666666666666727,3988,747.7499999999983
all,0.21333333333333337,0.24,0.22666666666666668,0.026666666666666616,4009,751.6875000000015
all,0.24,0.2666666666666666,0.2533333333333333,0.026666666666666616,3912,733.5000000000014
all,0.2666666666666666,0.29333333333333345,0.28,0.02666666666666684,4081,765.1874999999951
all,0.29333333333333345,0.32000000000000006,0.30666666666666675,0.026666666666666616,3914,733.8750000000014
all,0.32000000000000006,0.3466666666666667,0.33333333333333337,0.026666666666666616,3853,722.4375000000014
all,0.3466666666666667,0.3733333333333333,0.36,0.026666666666666616,3761,705.1875000000014
all,0.3733333333333333,0.40000000000000013,0.3866666666666667,0.02666666666666684,3753,703.6874999999955
all,0.40000000000000013,0.42666666666666675,0.41333333333333344,0.026666666666666616,3665,687.1875000000013
all,0.42666666666666675,0.45333333333333337,0.44000000000000006,0.026666666666666616,3638,682.1250000000014
all,0.45333333333333337,0.48,0.4666666666666667,0.026666666666666616,3534,662.6250000000014
all,0.48,0.5066666666666666,0.4933333333333333,0.026666666666666616,3532,662.2500000000013
all,0.5066666666666666,0.5333333333333334,0.52,0.02666666666666684,3367,631.312499999996
all,0.5333333333333334,0.56,0.5466666666666667,0.026666666666666616,3434,643.8750000000013
all,0.56,0.5866666666666667,0.5733333333333334,0.026666666666666616,3372,632.2500000000011
all,0.5866666666666667,0.6133333333333333,0.6,0.026666666666666616,3297,618.1875000000011
all,0.6133333333333333,0.6400000000000001,0.6266666666666667,0.02666666666666684,3379,633.5624999999959
all,0.6400000000000001,0.6666666666666667,0.6533333333333334,0.026666666666666616,3229,605.4375000000011
all,0.6666666666666667,0.6933333333333334,0.68,0.026666666666666616,3245,608.4375000000013
all,0.6933333333333334,0.72,0.7066666666666667,0.026666666666666616,3211,602.0625000000011
all,0.72,0.7466666666666668,0.7333333333333334,0.02666666666666684,3124,585.7499999999962
all,0.7466666666666668,0.7733333333333334,0.7600000000000001,0.026666666666666616,3225,604.6875000000011
all,0.7733333333333334,0.8,0.7866666666666667,0.026666666666666616,3221,603.9375000000011
0-5%,-0.8,-0.7733333333333334,-0.7866666666666667,0.026666666666666616,438,1095.000000000002
0-5%,-0.7733333333333334,-0.7466666666666667,-0.76,0.026666666666666727,416,1039.9999999999977
0-5%,-0.7466666666666667,-0.7200000000000001,-0.7333333333333334,0.026666666666666616,460,1150.0000000000023
0-5%,-0.7200000000000001,-0.6933333333333334,-0.7066666666666668,0.026666666666666727,502,1254.9999999999973
0-5%,-0.6933333333333334,-0.6666666666666667,-0.68,0.026666666666666616,441,1102.500000000002
0-5%,-0.6666666666666667,-0.64,-0.6533333333333333,0.026666666666666727,456,1139.9999999999973
0-5%,-0.64,-0.6133333333333334,-0.6266666666666667,0.026666666666666616,472,1180.0000000000023
0-5%,-0.6133333333333334,-0.5866666666666667,-0.6000000000000001,0.026666666666666727,475,1187.4999999999973
0-5%,-0.5866666666666667,-0.56,-0.5733333333333334,0.026666666666666616,483,1207.5000000000023
0-5%,-0.56,-0.5333333333333334,-0.5466666666666667,0.026666666666666616,463,1157.5000000000023
0-5%,-0.5333333333333334,-0.5066666666666667,-0.52,0.026666666666666727,490,1224.999999999997
0-5%,-0.5066666666666667,-0.48000000000000004,-0.4933333333333334,0.026666666666666672,443,1107.4999999999998
0-5%,-0.48000000000000004,-0.45333333333333337,-0.4666666666666667,0.026666666666666672,468,1169.9999999999998
0-5%,-0.45333333333333337,-0.4266666666666667,-0.44000000000000006,0.026666666666666672,473,1182.4999999999998
0-5%,-0.4266666666666667,-0.4,-0.41333333333333333,0.026666666666666672,486,1214.9999999999998
0-5%,-0.4,-0.37333333333333335,-0.3866666666666667,0.026666666666666672,515,1287.4999999999998
0-5%,-0.37333333333333335,-0.3466666666666667,-0.36,0.026666666666666672,508,1269.9999999999998
0-5%,-0.3466666666666667,-0.32,-0.33333333333333337,0.026666666666666672,517,1292.4999999999998
0-5%,-0.32,-0.29333333333333333,-0.30666666666666664,0.026666666666666672,569,1422.4999999999995
0-5%,-0.29333333333333333,-0.2666666666666667,-0.28,0.026666666666666616,532,1330.0000000000025
0-5%,-0.2666666666666667,-0.24,-0.25333333333333335,0.026666666666666727,530,1324.999999999997
0-5%,-0.24,-0.21333333333333337,-0.22666666666666668,0.026666666666666616,569,1422.5000000000025
0-5%,-0.21333333333333337,-0.18666666666666665,-0.2,0.026666666666666727,524,1309.9999999999968
0-5%,-0.18666666666666665,-0.16000000000000003,-0.17333333333333334,0.026666666666666616,581,1452.5000000000027
0-5%,-0.16000000000000003,-0.1333333333333333,-0.14666666666666667,0.026666666666666727,569,1422.4999999999966
0-5%,-0.1333333333333333,-0.10666666666666669,-0.12,0.026666666666666616,570,1425.0000000000027
0-5%,-0.10666666666666669,-0.07999999999999996,-0.09333333333333332,0.026666666666666727,567,1417.4999999999966
0-5%,-0.07999999999999996,-0.053333333333333344,-0.06666666666666665,0.026666666666666616,543,1357.5000000000027
0-5%,-0.053333333333333344,-0.026666666666666616,-0.03999999999999998,0.026666666666666727,602,1504.9999999999966
0-5%,-0.026666666666666616,0.0,-0.013333333333333308,0.026666666666666616,582,1455.0000000000027
0-5%,0.0,0.026666666666666727,0.013333333333333364,0.026666666666666727,575,1437.4999999999968
0-5%,0.026666666666666727,0.053333333333333344,0.040000000000000036,0.026666666666666616,621,1552.500000000003
0-5%,0.053333333333333344,0.07999999999999996,0.06666666666666665,0.026666666666666616,569,1422.5000000000025
0-5%,0.07999999999999996,0.10666666666666669,0.09333333333333332,0.026666666666666727,545,1362.499999999997
0-5%,0.10666666666666669,0.1333333333333333,0.12,0.026666666666666616,610,1525.0000000000027
0-5%,0.1333333333333333,0.16000000000000003,0.14666666666666667,0.026666666666666727,575,1437.4999999999968
0-5%,0.16000000000000003,0.18666666666666665,0.17333333333333334,0.026666666666666616,580,1450.0000000000027
0-5%,0.18666666666666665,0.21333333333333337,0.2,0.026666666666666727,544,1359.9999999999968
0-5%,0.21333333333333337,0.24,0.22666666666666668,0.026666666666666616,537,1342.5000000000025
0-5%,0.24,0.2666666666666666,0.2533333333333333,0.026666666666666616,518,1295.0000000000023
0-5%,0.2666666666666666,0.29333333333333345,0.28,0.02666666666666684,546,1364.9999999999911
0-5%,0.29333333333333345,0.32000000000000006,0.30666666666666675,0.026666666666666616,540,1350.0000000000025
0-5%,0.32000000000000006,0.3466666666666667,0.33333333333333337,0.026666666666666616,574,1435.0000000000027
0-5%,0.3466666666666667,0.3733333333333333,0.36,0.026666666666666616,501,1252.5000000000023
0-5%,0.3733333333333333,0.40000000000000013,0.3866666666666667,0.02666666666666684,539,1347.4999999999911
0-5%,0.40000000000000013,0.42666666666666675,0.41333333333333344,0.026666666666666616,546,1365.0000000000025
0-5%,0.42666666666666675,0.45333333333333337,0.44000000000000006,0.026666666666666616,477,1192.5000000000023
0-5%,0.45333333333333337,0.48,0.4666666666666667,0.026666666666666616,475,1187.5000000000023
0-5%,0.48,0.5066666666666666,0.4933333333333333,0.026666666666666616,481,1202.5000000000025
0-5%,0.5066666666666666,0.5333333333333334,0.52,0.02666666666666684,436,1089.999999999993
0-5%,0.5333333333333334,0.56,0.5466666666666667,0.026666666666666616,472,1180.0000000000023
0-5%,0.56,0.5866666666666667,0.5733333333333334,0.026666666666666616,477,1192.5000000000023
0-5%,0.5866666666666667,0.6133333333333333,0.6,0.026666666666666616,460,1150.0000000000023
0-5%,0.6133333333333333,0.6400000000000001,0.6266666666666667,0.02666666666666684,478,1194.9999999999923
0-5%,0.6400000000000001,0.6666666666666667,0.6533333333333334,0.026666666666666616,461,1152.5000000000023
0-5%,0.6666666666666667,0.6933333333333334,0.68,0.026666666666666616,487,1217.5000000000023
0-5%,0.6933333333333334,0.72,0.7066666666666667,0.026666666666666616,476,1190.0000000000023
0-5%,0.72,0.7466666666666668,0.7333333333333334,0.02666666666666684,457,1142.4999999999925
0-5%,0.7466666666666668,0.7733333333333334,0.7600000000000001,0.026666666666666616,426,1065.000000000002
0-5%,0.7733333333333334,0.8,0.7866666666666667,0.026666666666666616,471,1177.5000000000023
5-10%,-0.8,-0.7733333333333334,-0.7866666666666667,0.026666666666666616,265,414.06250000000074
5-10%,-0.7733333333333334,-0.7466666666666667,-0.76,0.026666666666666727,267,417.18749999999903
5-10%,-0.7466666666666667,-0.7200000000000001,-0.7333333333333334,0.026666666666666616,274,428.1250000000008
5-10%,-0.7200000000000001,-0.6933333333333334,-0.7066666666666668,0.026666666666666727,301,470.3124999999989
5-10%,-0.6933333333333334,-0.6666666666666667,-0.68,0.026666666666666616,281,439.06250000000085
5-10%,-0.6666666666666667,-0.64,-0.6533333333333333,0.026666666666666727,262,409.37499999999903
5-10%,-0.64,-0.6133333333333334,-0.6266666666666667,0.026666666666666616,267,417.1875000000008
5-10%,-0.6133333333333334,-0.5866666666666667,-0.6000000000000001,0.026666666666666727,286,446.874999999999
5-10%,-0.5866666666666667,-0.56,-0.5733333333333334,0.026666666666666616,286,446.8750000000008
5-10%,-0.56,-0.5333333333333334,-0.5466666666666667,0.026666666666666616,301,470.31250000000085
5-10%,-0.5333333333333334,-0.5066666666666667,-0.52,0.026666666666666727,297,464.0624999999989
5-10%,-0.5066666666666667,-0.48000000000000004,-0.4933333333333334,0.026666666666666672,307,479.6874999999999
5-10%,-0.48000000000000004,-0.45333333333333337,-0.4666666666666667,0.026666666666666672,307,479.6874999999999
5-10%,-0.45333333333333337,-0.4266666666666667,-0.44000000000000006,0.026666666666666672,338,528.1249999999999
5-10%,-0.4266666666666667,-0.4,-0.41333333333333333,0.026666666666666672,295,460.9374999999999
5-10%,-0.4,-0.37333333333333335,-0.3866666666666667,0.026666666666666672,309,482.8124999999999
5-10%,-0.37333333333333335,-0.3466666666666667,-0.36,0.026666666666666672,299,467.18749999999994
5-10%,-0.3466666666666667,-0.32,-0.33333333333333337,0.026666666666666672,326,509.37499999999994
5-10%,-0.32,-0.29333333333333333,-0.30666666666666664,0.026666666666666672,317,495.31249999999994
5-10%,-0.29333333333333333,-0.2666666666666667,-0.28,0.026666666666666616,328,512.5000000000009
5-10%,-0.2666666666666667,-0.24,-0.25333333333333335,0.026666666666666727,297,464.0624999999989
5-10%,-0.24,-0.21333333333333337,-0.22666666666666668,0.026666666666666616,374,584.3750000000011
5-10%,-0.21333333333333337,-0.18666666666666665,-0.2,0.026666666666666727,367,573.4374999999986
5-10%,-0.18666666666666665,-0.16000000000000003,-0.17333333333333334,0.026666666666666616,335,523.437500000001
5-10%,-0.16000000000000003,-0.1333333333333333,-0.14666666666666667,0.026666666666666727,376,587.4999999999986
5-10%,-0.1333333333333333,-0.10666666666666669,-0.12,0.026666666666666616,374,584.3750000000011
5-10%,-0.10666666666666669,-0.07999999999999996,-0.09333333333333332,0.026666666666666727,364,568.7499999999986
5-10%,-0.07999999999999996,-0.053333333333333344,-0.06666666666666665,0.026666666666666616,373,582.812500000001
5-10%,-0.053333333333333344,-0.026666666666666616,-0.03999999999999998,0.026666666666666727,357,557.8124999999987
5-10%,-0.026666666666666616,0.0,-0.013333333333333308,0.026666666666666616,376,587.5000000000011
5-10%,0.0,0.026666666666666727,0.013333333333333364,0.026666666666666727,354,553.1249999999987
5-10%,0.026666666666666727,0.053333333333333344,0.040000000000000036,0.026666666666666616,395,617.1875000000011
5-10%,0.053333333333333344,0.07999999999999996,0.06666666666666665,0.026666666666666616,383,598.4375000000011
5-10%,0.07999999999999996,0.10666666666666669,0.09333333333333332,0.026666666666666727,347,542.1874999999987
5-10%,0.10666666666666669,0.1333333333333333,0.12,0.026666666666666616,375,585.9375000000011
5-10%,0.1333333333333333,0.16000000000000003,0.14666666666666667,0.026666666666666727,349,545.3124999999987
5-10%,0.16000000000000003,0.18666666666666665,0.17333333333333334,0.026666666666666616,377,589.0625000000011
5-10%,0.18666666666666665,0.21333333333333337,0.2,0.026666666666666727,323,504.68749999999886
5-10%,0.21333333333333337,0.24,0.22666666666666668,0.026666666666666616,359,560.9375000000011
5-10%,0.24,0.2666666666666666,0.2533333333333333,0.026666666666666616,366,571.875000000001
5-10%,0.2666666666666666,0.29333333333333345,0.28,0.02666666666666684,358,559.3749999999964
5-10%,0.29333333333333345,0.32000000000000006,0.30666666666666675,0.026666666666666616,359,560.9375000000011
5-10%,0.32000000000000006,0.3466666666666667,0.33333333333333337,0.026666666666666616,348,543.750000000001
5-10%,0.3466666666666667,0.3733333333333333,0.36,0.026666666666666616,335,523.437500000001
5-10%,0.3733333333333333,0.40000000000000013,0.3866666666666667,0.02666666666666684,314,490.6249999999969
5-10%,0.40000000000000013,0.42666666666666675,0.41333333333333344,0.026666666666666616,302,471.8750000000009
5-10%,0.42666666666666675,0.45333333333333337,0.44000000000000006,0.026666666666666616,333,520.312500000001
5-10%,0.45333333333333337,0.48,0.4666666666666667,0.026666666666666616,310,484.3750000000009
5-10%,0.48,0.5066666666666666,0.4933333333333333,0.026666666666666616,308,481.2500000000009
5-10%,0.5066666666666666,0.5333333333333334,0.52,0.02666666666666684,285,445.31249999999716
5-10%,0.5333333333333334,0.56,0.5466666666666667,0.026666666666666616,276,431.2500000000008
5-10%,0.56,0.5866666666666667,0.5733333333333334,0.026666666666666616,266,415.6250000000008
5-10%,0.5866666666666667,0.6133333333333333,0.6,0.026666666666666616,293,457.8125000000009
5-10%,0.6133333333333333,0.6400000000000001,0.6266666666666667,0.02666666666666684,284,443.74999999999716
5-10%,0.6400000000000001,0.6666666666666667,0.6533333333333334,0.026666666666666616,270,421.8750000000008
5-10%,0.6666666666666667,0.6933333333333334,0.68,0.026666666666666616,270,421.8750000000008
5-10%,0.6933333333333334,0.72,0.7066666666666667,0.026666666666666616,273,426.5625000000008
5-10%,0.72,0.7466666666666668,0.7333333333333334,0.02666666666666684,281,439.0624999999972
5-10%,0.7466666666666668,0.7733333333333334,0.7600000000000001,0.026666666666666616,283,442.1875000000008
5-10%,0.7733333333333334,0.8,0.7866666666666667,0.026666666666666616,264,412.5000000000008
10-30%,-0.8,-0.7733333333333334,-0.7866666666666667,0.026666666666666616,1111,771.5277777777792
10-30%,-0.7733333333333334,-0.7466666666666667,-0.76,0.026666666666666727,1146,795.8333333333314
10-30%,-0.7466666666666667,-0.7200000000000001,-0.7333333333333334,0.026666666666666616,1141,792.3611111111126
10-30%,-0.7200000000000001,-0.6933333333333334,-0.7066666666666668,0.026666666666666727,1179,818.7499999999981
10-30%,-0.6933333333333334,-0.6666666666666667,-0.68,0.026666666666666616,1145,795.1388888888904
10-30%,-0.6666666666666667,-0.64,-0.6533333333333333,0.026666666666666727,1172,813.888888888887
10-30%,-0.64,-0.6133333333333334,-0.6266666666666667,0.026666666666666616,1236,858.333333333335
10-30%,-0.6133333333333334,-0.5866666666666667,-0.6000000000000001,0.026666666666666727,1168,811.1111111111093
10-30%,-0.5866666666666667,-0.56,-0.5733333333333334,0.026666666666666616,1270,881.9444444444462
10-30%,-0.56,-0.5333333333333334,-0.5466666666666667,0.026666666666666616,1249,867.3611111111128
10-30%,-0.5333333333333334,-0.5066666666666667,-0.52,0.026666666666666727,1216,844.4444444444425
10-30%,-0.5066666666666667,-0.48000000000000004,-0.4933333333333334,0.026666666666666672,1351,938.1944444444442
10-30%,-0.48000000000000004,-0.45333333333333337,-0.4666666666666667,0.026666666666666672,1408,977.7777777777775
10-30%,-0.45333333333333337,-0.4266666666666667,-0.44000000000000006,0.026666666666666672,1370,951.3888888888887
10-30%,-0.4266666666666667,-0.4,-0.41333333333333333,0.026666666666666672,1391,965.9722222222221
10-30%,-0.4,-0.37333333333333335,-0.3866666666666667,0.026666666666666672,1393,967.361111111111
10-30%,-0.37333333333333335,-0.3466666666666667,-0.36,0.026666666666666672,1420,986.111111111111
10-30%,-0.3466666666666667,-0.32,-0.33333333333333337,0.026666666666666672,1504,1044.4444444444441
10-30%,-0.32,-0.29333333333333333,-0.30666666666666664,0.026666666666666672,1531,1063.1944444444441
10-30%,-0.29333333333333333,-0.2666666666666667,-0.28,0.026666666666666616,1469,1020.1388888888907
10-30%,-0.2666666666666667,-0.24,-0.25333333333333335,0.026666666666666727,1461,1014.5833333333311
10-30%,-0.24,-0.21333333333333337,-0.22666666666666668,0.026666666666666616,1547,1074.3055555555577
10-30%,-0.21333333333333337,-0.18666666666666665,-0.2,0.026666666666666727,1579,1096.5277777777753
10-30%,-0.18666666666666665,-0.16000000000000003,-0.17333333333333334,0.026666666666666616,1556,1080.5555555555575
10-30%,-0.16000000000000003,-0.1333333333333333,-0.14666666666666667,0.026666666666666727,1607,1115.9722222222197
10-30%,-0.1333333333333333,-0.10666666666666669,-0.12,0.026666666666666616,1622,1126.388888888891
10-30%,-0.10666666666666669,-0.07999999999999996,-0.09333333333333332,0.026666666666666727,1586,1101.3888888888864
10-30%,-0.07999999999999996,-0.053333333333333344,-0.06666666666666665,0.026666666666666616,1683,1168.7500000000023
10-30%,-0.053333333333333344,-0.026666666666666616,-0.03999999999999998,0.026666666666666727,1683,1168.7499999999973
10-30%,-0.026666666666666616,0.0,-0.013333333333333308,0.026666666666666616,1690,1173.6111111111134
10-30%,0.0,0.026666666666666727,0.013333333333333364,0.026666666666666727,1705,1184.027777777775
10-30%,0.026666666666666727,0.053333333333333344,0.040000000000000036,0.026666666666666616,1748,1213.8888888888914
10-30%,0.053333333333333344,0.07999999999999996,0.06666666666666665,0.026666666666666616,1634,1134.7222222222244
10-30%,0.07999999999999996,0.10666666666666669,0.09333333333333332,0.026666666666666727,1602,1112.4999999999975
10-30%,0.10666666666666669,0.1333333333333333,0.12,0.026666666666666616,1531,1063.1944444444464
10-30%,0.1333333333333333,0.16000000000000003,0.14666666666666667,0.026666666666666727,1541,1070.1388888888864
10-30%,0.16000000000000003,0.18666666666666665,0.17333333333333334,0.026666666666666616,1630,1131.9444444444466
10-30%,0.18666666666666665,0.21333333333333337,0.2,0.026666666666666727,1593,1106.2499999999975
10-30%,0.21333333333333337,0.24,0.22666666666666668,0.026666666666666616,1562,1084.7222222222242
10-30%,0.24,0.2666666666666666,0.2533333333333333,0.026666666666666616,1495,1038.1944444444464
10-30%,0.2666666666666666,0.29333333333333345,0.28,0.02666666666666684,1600,1111.111111111104
10-30%,0.29333333333333345,0.32000000000000006,0.30666666666666675,0.026666666666666616,1510,1048.6111111111131
10-30%,0.32000000000000006,0.3466666666666667,0.33333333333333337,0.026666666666666616,1446,1004.1666666666686
10-30%,0.3466666666666667,0.3733333333333333,0.36,0.026666666666666616,1462,1015.2777777777796
10-30%,0.3733333333333333,0.40000000000000013,0.3866666666666667,0.02666666666666684,1431,993.7499999999936
10-30%,0.40000000000000013,0.42666666666666675,0.41333333333333344,0.026666666666666616,1388,963.8888888888906
10-30%,0.42666666666666675,0.45333333333333337,0.44000000000000006,0.026666666666666616,1374,954.1666666666684
10-30%,0.45333333333333337,0.48,0.4666666666666667,0.026666666666666616,1352,938.8888888888907
10-30%,0.48,0.5066666666666666,0.4933333333333333,0.026666666666666616,1327,921.5277777777794
10-30%,0.5066666666666666,0.5333333333333334,0.52,0.02666666666666684,1270,881.9444444444388
10-30%,0.5333333333333334,0.56,0.5466666666666667,0.026666666666666616,1251,868.7500000000017
10-30%,0.56,0.5866666666666667,0.5733333333333334,0.026666666666666616,1188,825.0000000000016
10-30%,0.5866666666666667,0.6133333333333333,0.6,0.026666666666666616,1170,812.5000000000016
10-30%,0.6133333333333333,0.6400000000000001,0.6266666666666667,0.02666666666666684,1280,888.8888888888831
10-30%,0.6400000000000001,0.6666666666666667,0.6533333333333334,0.026666666666666616,1159,804.8611111111126
10-30%,0.6666666666666667,0.6933333333333334,0.68,0.026666666666666616,1153,800.6944444444459
10-30%,0.6933333333333334,0.72,0.7066666666666667,0.026666666666666616,1118,776.3888888888903
10-30%,0.72,0.7466666666666668,0.7333333333333334,0.02666666666666684,1069,742.3611111111064
10-30%,0.7466666666666668,0.7733333333333334,0.7600000000000001,0.026666666666666616,1156,802.7777777777793
10-30%,0.7733333333333334,0.8,0.7866666666666667,0.026666666666666616,1165,809.0277777777793
30-50%,-0.8,-0.7733333333333334,-0.7866666666666667,0.026666666666666616,683,948.6111111111129
30-50%,-0.7733333333333334,-0.7466666666666667,-0.76,0.026666666666666727,702,974.9999999999977
30-50%,-0.7466666666666667,-0.7200000000000001,-0.7333333333333334,0.026666666666666616,665,923.6111111111129
30-50%,-0.7200000000000001,-0.6933333333333334,-0.7066666666666668,0.026666666666666727,621,862.4999999999981
30-50%,-0.6933333333333334,-0.6666666666666667,-0.68,0.026666666666666616,675,937.5000000000018
30-50%,-0.6666666666666667,-0.64,-0.6533333333333333,0.026666666666666727,633,879.1666666666646
30-50%,-0.64,-0.6133333333333334,-0.6266666666666667,0.026666666666666616,696,966.6666666666686
30-50%,-0.6133333333333334,-0.5866666666666667,-0.6000000000000001,0.026666666666666727,622,863.888888888887
30-50%,-0.5866666666666667,-0.56,-0.5733333333333334,0.026666666666666616,668,927.7777777777795
30-50%,-0.56,-0.5333333333333334,-0.5466666666666667,0.026666666666666616,703,976.3888888888907
30-50%,-0.5333333333333334,-0.5066666666666667,-0.52,0.026666666666666727,671,931.9444444444423
30-50%,-0.5066666666666667,-0.48000000000000004,-0.4933333333333334,0.026666666666666672,691,959.7222222222221
30-50%,-0.48000000000000004,-0.45333333333333337,-0.4666666666666667,0.026666666666666672,757,1051.3888888888887
30-50%,-0.45333333333333337,-0.4266666666666667,-0.44000000000000006,0.026666666666666672,761,1056.9444444444443
30-50%,-0.4266666666666667,-0.4,-0.41333333333333333,0.026666666666666672,727,1009.7222222222221
30-50%,-0.4,-0.37333333333333335,-0.3866666666666667,0.026666666666666672,711,987.4999999999998
30-50%,-0.37333333333333335,-0.3466666666666667,-0.36,0.026666666666666672,714,991.6666666666664
30-50%,-0.3466666666666667,-0.32,-0.33333333333333337,0.026666666666666672,741,1029.1666666666665
30-50%,-0.32,-0.29333333333333333,-0.30666666666666664,0.026666666666666672,739,1026.3888888888887
30-50%,-0.29333333333333333,-0.2666666666666667,-0.28,0.026666666666666616,714,991.6666666666684
30-50%,-0.2666666666666667,-0.24,-0.25333333333333335,0.026666666666666727,750,1041.6666666666642
30-50%,-0.24,-0.21333333333333337,-0.22666666666666668,0.026666666666666616,751,1043.0555555555575
30-50%,-0.21333333333333337,-0.18666666666666665,-0.2,0.026666666666666727,750,1041.6666666666642
30-50%,-0.18666666666666665,-0.16000000000000003,-0.17333333333333334,0.026666666666666616,766,1063.888888888891
30-50%,-0.16000000000000003,-0.1333333333333333,-0.14666666666666667,0.026666666666666727,751,1043.0555555555532
30-50%,-0.1333333333333333,-0.10666666666666669,-0.12,0.026666666666666616,700,972.2222222222241
30-50%,-0.10666666666666669,-0.07999999999999996,-0.09333333333333332,0.026666666666666727,744,1033.333333333331
30-50%,-0.07999999999999996,-0.053333333333333344,-0.06666666666666665,0.026666666666666616,772,1072.2222222222242
30-50%,-0.053333333333333344,-0.026666666666666616,-0.03999999999999998,0.026666666666666727,731,1015.2777777777754
30-50%,-0.026666666666666616,0.0,-0.013333333333333308,0.026666666666666616,733,1018.0555555555575
30-50%,0.0,0.026666666666666727,0.013333333333333364,0.026666666666666727,762,1058.333333333331
30-50%,0.026666666666666727,0.053333333333333344,0.040000000000000036,0.026666666666666616,738,1025.0000000000018
30-50%,0.053333333333333344,0.07999999999999996,0.06666666666666665,0.026666666666666616,754,1047.2222222222242
30-50%,0.07999999999999996,0.10666666666666669,0.09333333333333332,0.026666666666666727,701,973.6111111111088
30-50%,0.10666666666666669,0.1333333333333333,0.12,0.026666666666666616,765,1062.500000000002
30-50%,0.1333333333333333,0.16000000000000003,0.14666666666666667,0.026666666666666727,783,1087.4999999999975
30-50%,0.16000000000000003,0.18666666666666665,0.17333333333333334,0.026666666666666616,807,1120.8333333333355
30-50%,0.18666666666666665,0.21333333333333337,0.2,0.026666666666666727,770,1069.444444444442
30-50%,0.21333333333333337,0.24,0.22666666666666668,0.026666666666666616,796,1105.5555555555577
30-50%,0.24,0.2666666666666666,0.2533333333333333,0.026666666666666616,738,1025.0000000000018
30-50%,0.2666666666666666,0.29333333333333345,0.28,0.02666666666666684,765,1062.4999999999932
30-50%,0.29333333333333345,0.32000000000000006,0.30666666666666675,0.026666666666666616,750,1041.6666666666686
30-50%,0.32000000000000006,0.3466666666666667,0.33333333333333337,0.026666666666666616,738,1025.0000000000018
30-50%,0.3466666666666667,0.3733333333333333,0.36,0.026666666666666616,755,1048.6111111111131
30-50%,0.3733333333333333,0.40000000000000013,0.3866666666666667,0.02666666666666684,729,1012.4999999999935
30-50%,0.40000000000000013,0.42666666666666675,0.41333333333333344,0.026666666666666616,754,1047.2222222222242
30-50%,0.42666666666666675,0.45333333333333337,0.44000000000000006,0.026666666666666616,730,1013.8888888888908
30-50%,0.45333333333333337,0.48,0.4666666666666667,0.026666666666666616,659,915.2777777777795
30-50%,0.48,0.5066666666666666,0.4933333333333333,0.026666666666666616,695,965.2777777777795
30-50%,0.5066666666666666,0.5333333333333334,0.52,0.02666666666666684,667,926.3888888888829
30-50%,0.5333333333333334,0.56,0.5466666666666667,0.026666666666666616,702,975.0000000000018
30-50%,0.56,0.5866666666666667,0.5733333333333334,0.026666666666666616,689,956.9444444444463
30-50%,0.5866666666666667,0.6133333333333333,0.6,0.026666666666666616,630,875.0000000000016
30-50%,0.6133333333333333,0.6400000000000001,0.6266666666666667,0.02666666666666684,650,902.7777777777719
30-50%,0.6400000000000001,0.6666666666666667,0.6533333333333334,0.026666666666666616,629,873.6111111111128
30-50%,0.6666666666666667,0.6933333333333334,0.68,0.026666666666666616,643,893.0555555555571
30-50%,0.6933333333333334,0.72,0.7066666666666667,0.026666666666666616,655,909.722222222224
30-50%,0.72,0.7466666666666668,0.7333333333333334,0.02666666666666684,589,818.0555555555502
30-50%,0.7466666666666668,0.7733333333333334,0.7600000000000001,0.026666666666666616,644,894.4444444444462
30-50%,0.7733333333333334,0.8,0.7866666666666667,0.026666666666666616,629,873.6111111111128
50-80%,-0.8,-0.7733333333333334,-0.7866666666666667,0.026666666666666616,338,333.552631578948
50-80%,-0.7733333333333334,-0.7466666666666667,-0.76,0.026666666666666727,348,343.4210526315781
50-80%,-0.7466666666666667,-0.7200000000000001,-0.7333333333333334,0.026666666666666616,366,361.18421052631646
50-80%,-0.7200000000000001,-0.6933333333333334,-0.7066666666666668,0.026666666666666727,361,356.2499999999992
50-80%,-0.6933333333333334,-0.6666666666666667,-0.68,0.026666666666666616,361,356.2500000000007
50-80%,-0.6666666666666667,-0.64,-0.6533333333333333,0.026666666666666727,342,337.4999999999992
50-80%,-0.64,-0.6133333333333334,-0.6266666666666667,0.026666666666666616,360,355.2631578947375
50-80%,-0.6133333333333334,-0.5866666666666667,-0.6000000000000001,0.026666666666666727,329,324.67105263157816
50-80%,-0.5866666666666667,-0.56,-0.5733333333333334,0.026666666666666616,356,351.31578947368484
50-80%,-0.56,-0.5333333333333334,-0.5466666666666667,0.026666666666666616,354,349.34210526315854
50-80%,-0.5333333333333334,-0.5066666666666667,-0.52,0.026666666666666727,348,343.4210526315781
50-80%,-0.5066666666666667,-0.48000000000000004,-0.4933333333333334,0.026666666666666672,362,357.2368421052631
50-80%,-0.48000000000000004,-0.45333333333333337,-0.4666666666666667,0.026666666666666672,358,353.28947368421046
50-80%,-0.45333333333333337,-0.4266666666666667,-0.44000000000000006,0.026666666666666672,353,348.3552631578946
50-80%,-0.4266666666666667,-0.4,-0.41333333333333333,0.026666666666666672,323,318.74999999999994
50-80%,-0.4,-0.37333333333333335,-0.3866666666666667,0.026666666666666672,363,358.22368421052624
50-80%,-0.37333333333333335,-0.3466666666666667,-0.36,0.026666666666666672,346,341.44736842105254
50-80%,-0.3466666666666667,-0.32,-0.33333333333333337,0.026666666666666672,365,360.19736842105254
50-80%,-0.32,-0.29333333333333333,-0.30666666666666664,0.026666666666666672,373,368.0921052631578
50-80%,-0.29333333333333333,-0.2666666666666667,-0.28,0.026666666666666616,371,366.1184210526323
50-80%,-0.2666666666666667,-0.24,-0.25333333333333335,0.026666666666666727,371,366.11842105263077
50-80%,-0.24,-0.21333333333333337,-0.22666666666666668,0.026666666666666616,386,380.92105263157964
50-80%,-0.21333333333333337,-0.18666666666666665,-0.2,0.026666666666666727,364,359.2105263157887
50-80%,-0.18666666666666665,-0.16000000000000003,-0.17333333333333334,0.026666666666666616,329,324.6710526315795
50-80%,-0.16000000000000003,-0.1333333333333333,-0.14666666666666667,0.026666666666666727,339,334.5394736842097
50-80%,-0.1333333333333333,-0.10666666666666669,-0.12,0.026666666666666616,367,362.1710526315796
50-80%,-0.10666666666666669,-0.07999999999999996,-0.09333333333333332,0.026666666666666727,347,342.43421052631504
50-80%,-0.07999999999999996,-0.053333333333333344,-0.06666666666666665,0.026666666666666616,346,341.4473684210532
50-80%,-0.053333333333333344,-0.026666666666666616,-0.03999999999999998,0.026666666666666727,360,355.263157894736
50-80%,-0.026666666666666616,0.0,-0.013333333333333308,0.026666666666666616,380,375.0000000000007
50-80%,0.0,0.026666666666666727,0.013333333333333364,0.026666666666666727,351,346.38157894736764
50-80%,0.026666666666666727,0.053333333333333344,0.040000000000000036,0.026666666666666616,371,366.1184210526323
50-80%,0.053333333333333344,0.07999999999999996,0.06666666666666665,0.026666666666666616,380,375.0000000000007
50-80%,0.07999999999999996,0.10666666666666669,0.09333333333333332,0.026666666666666727,374,369.07894736842024
50-80%,0.10666666666666669,0.1333333333333333,0.12,0.026666666666666616,362,357.23684210526386
50-80%,0.1333333333333333,0.16000000000000003,0.14666666666666667,0.026666666666666727,336,331.5789473684203
50-80%,0.16000000000000003,0.18666666666666665,0.17333333333333334,0.026666666666666616,383,377.9605263157902
50-80%,0.18666666666666665,0.21333333333333337,0.2,0.026666666666666727,372,367.1052631578939
50-80%,0.21333333333333337,0.24,0.22666666666666668,0.026666666666666616,334,329.6052631578953
50-80%,0.24,0.2666666666666666,0.2533333333333333,0.026666666666666616,388,382.894736842106
50-80%,0.2666666666666666,0.29333333333333345,0.28,0.02666666666666684,369,364.14473684210293
50-80%,0.29333333333333345,0.32000000000000006,0.30666666666666675,0.026666666666666616,343,338.4868421052638
50-80%,0.32000000000000006,0.3466666666666667,0.33333333333333337,0.026666666666666616,368,363.15789473684276
50-80%,0.3466666666666667,0.3733333333333333,0.36,0.026666666666666616,317,312.82894736842167
50-80%,0.3733333333333333,0.40000000000000013,0.3866666666666667,0.02666666666666684,374,369.0789473684187
50-80%,0.40000000000000013,0.42666666666666675,0.41333333333333344,0.026666666666666616,315,310.8552631578953
50-80%,0.42666666666666675,0.45333333333333337,0.44000000000000006,0.026666666666666616,336,331.5789473684217
50-80%,0.45333333333333337,0.48,0.4666666666666667,0.026666666666666616,372,367.1052631578954
50-80%,0.48,0.5066666666666666,0.4933333333333333,0.026666666666666616,363,358.223684210527
50-80%,0.5066666666666666,0.5333333333333334,0.52,0.02666666666666684,349,344.40789473683986
50-80%,0.5333333333333334,0.56,0.5466666666666667,0.026666666666666616,323,318.7500000000006
50-80%,0.56,0.5866666666666667,0.5733333333333334,0.026666666666666616,380,375.0000000000007
50-80%,0.5866666666666667,0.6133333333333333,0.6,0.026666666666666616,384,378.94736842105334
50-80%,0.6133333333333333,0.6400000000000001,0.6266666666666667,0.02666666666666684,325,320.72368421052425
50-80%,0.6400000000000001,0.6666666666666667,0.6533333333333334,0.026666666666666616,363,358.223684210527
50-80%,0.6666666666666667,0.6933333333333334,0.68,0.026666666666666616,338,333.552631578948
50-80%,0.6933333333333334,0.72,0.7066666666666667,0.026666666666666616,359,354.2763157894744
50-80%,0.72,0.7466666666666668,0.7333333333333334,0.02666666666666684,370,365.13157894736605
50-80%,0.7466666666666668,0.7733333333333334,0.7600000000000001,0.026666666666666616,381,375.9868421052639
50-80%,0.7733333333333334,0.8,0.7866666666666667,0.026666666666666616,365,360.1973684210533
