centrality,bin_low,bin_high,bin_center,bin_width,counts,dN_dpT_per_event,invariant_yield_proxy
all,0.1500036621987841,0.1611582079419894,0.15558093507038676,0.01115454574320529,31337,5618.695861118092,3592.3554017975885
all,0.1611582079419894,0.17314222603882545,0.16715021699040744,0.011984018096836052,33933,5663.042182648036,3370.101653674773
all,0.17314222603882545,0.18601739756544516,0.1795798118021353,0.012875171526619711,35759,5554.722113964455,3076.840434719154
all,0.18601739756544516,0.1998499903152546,0.19293369394034987,0.013832592749809441,36374,5259.173122190139,2711.4995503046475
all,0.1998499903152546,0.21471119987556828,0.20728059509541144,0.01486120956031367,34001,4575.8052010515285,2195.882156858844
all,0.21471119987556828,0.23067751606734677,0.22269435797145753,0.01596631619177849,31540,3950.817410999394,1764.728476794946
all,0.23067751606734677,0.2478311166340605,0.23925431635070363,0.017153600566713723,29268,3412.461411372032,1418.7573238336672
all,0.2478311166340605,0.2662602902059753,0.25704570342001787,0.018429173571914814,28004,3039.0944977236277,1176.072254371001
all,0.2662602902059753,0.2860598907168336,0.27616009046140444,0.019799600510858273,27542,2782.0763338023644,1002.0935679098114
all,0.2860598907168336,0.30733182561178773,0.29669585816431066,0.02127193489495416,26842,2523.70084174779,846.1094349581765
all,0.30733182561178773,0.33018558035936524,0.3187587029855765,0.022853754747577504,27202,2380.527865153835,742.8675149858836
all,0.33018558035936524,0.35473878196710024,0.34246218116323274,0.024553201607734998,29021,2363.927968632613,686.6284111342043
all,0.35473878196710024,0.381117804401214,0.3679282931841571,0.026379022434113775,30264,2294.550533522585,620.3468623325589
all,0.381117804401214,0.4094584190264065,0.3952881117138103,0.028340614625192495,31368,2213.6428877669014,557.0497147966897
all,0.4094584190264065,0.43990649341353694,0.4246824562199717,0.03044807438713043,32963,2165.1943949488355,507.14567093583975
all,0.43990649341353694,0.47261874211191646,0.4562626177627267,0.03271224869837952,34444,2105.877851295883,459.11178197237143
all,0.47261874211191646,0.5077635332503974,0.4901911376811569,0.0351447911384809,35299,2008.7756311261871,407.6299869075592
all,0.5077635332503974,0.5455217551187899,0.5266426441845936,0.037758221868392505,34569,1831.071395283992,345.8512937231328
all,0.5455217551187899,0.5860877471898521,0.5658047511543209,0.04056599207106226,33854,1669.0828091025408,293.4346819247576
all,0.5860877471898521,0.6296703003737725,0.6078790237818124,0.04358255318392035,32141,1474.9480079500402,241.356891220278
all,0.6296703003737725,0.676493731653399,0.6530820160135857,0.046823431279626515,29076,1241.9423013388318,189.1619768328679
all,0.676493731653399,0.7267990386313017,0.7016463851423503,0.0503053069779027,26779,1064.6590432998669,150.93584980691946
all,0.7267990386313017,0.7808451399310617,0.7538220892811818,0.05404610129976006,25631,948.486546988498,125.15910961939423
all,0.7808451399310617,0.8389102078370584,0.8098776738840601,0.05806506790599664,24262,835.6831697597776,102.64135530501463
all,0.8389102078370584,0.9012931000317808,0.8701016539344195,0.06238289219472237,22125,709.3290875626246,81.09198365930561
all,0.9012931000317808,0.9683148977997376,0.9348039989157592,0.0670217977679568,20031,597.7458279872296,63.605715307077524
all,0.9683148977997376,1.0403205586150097,1.0043177282073736,0.07200566081527215,17619,489.37819056201397,48.47006821258523
all,1.0403205586150097,1.1176806916182294,1.0790006251166195,0.07736013300321964,16163,417.8638110492213,38.52238909761601
all,1.1176806916182294,1.2007934651212615,1.1592370783697454,0.08311277350303214,14585,350.9689157339433,30.11594805159194
all,1.2007934651212615,1.2900866559574091,1.2454400605393352,0.08929319083614762,12754,285.6656791088024,22.81578332349677
all,1.2900866559574091,1.38601985122504,1.3380532535912244,0.09593319526763078,11896,248.00591634236704,18.436937859155126
all,1.38601985122504,1.489086813756876,1.437553332490958,0.10306696253183611,11636,225.79495338102706,15.62393466714241
all,1.489086813756876,1.5998180234898973,1.5444524186233868,0.11073120973302131,12321,222.53888546339502,14.332815964650127
all,1.5998180234898973,1.7187834078161408,1.659300715653019,0.11896538432624348,9570,160.88713627412508,9.644869814876026
all,1.7187834078161408,1.8465952749673606,1.7826893413917508,0.12781186715121984,7523,117.71989827985547,6.568623342165961
all,1.8465952749673606,1.9839114655315202,1.9152533702494403,0.13731619056415956,6717,97.83260040062868,5.081097294736227
all,1.9839114655315202,2.131438738321799,2.0576751019266597,0.14752727279027877,5314,72.04091690292756,3.4825918397047255
all,2.131438738321799,2.289936408024979,2.210687573173389,0.15849766970318013,4051,51.11747078157478,2.3000757354771477
all,2.289936408024979,2.4602202533520083,2.3750783306884937,0.17028384532702923,3044,35.752070246640415,1.4973502747254746
all,2.4602202533520083,2.64316671580576,2.551693484578884,0.18294646245375157,2121,23.187111371843923,0.9038956415498633
all,2.64316671580576,2.839717410676809,2.7414420632412844,0.19655069487104893,1662,16.911667507361283,0.6136313064511782
all,2.839717410676809,3.050883973485085,2.945300692080947,0.2111665628082764,1217,11.52644607948604,0.3892834428511856
all,3.050883973485085,3.2777532668117577,3.1643186201484212,0.2268692933266725,851,7.5021170782652575,0.235832567763838
all,3.2777532668117577,3.5214929743206373,3.3996231205661975,0.24373970750887963,578,4.742764368657027,0.13877170469012212
all,3.5214929743206373,3.783357610761187,3.6524252925409124,0.2618646364405497,439,3.3528773183519553,0.09131381138140603
all,3.783357610761187,4.064694978886332,3.9240262948237596,0.2813373681251452,277,1.9691660716523387,0.049917242285960985
all,4.064694978886332,4.366953106518446,4.215824042702389,0.3022581276321139,193,1.2770541623608893,0.03013193276051826
all,4.366953106518446,4.691687699468186,4.529320402993316,0.3247345929497403,145,0.8930369794168611,0.019612662192119042
all,4.691687699468186,5.040570148665986,4.866128924067086,0.34888244919779954,99,0.567526398806446,0.01160119176796483
all,5.040570148665986,5.415396132718431,5.227983140692208,0.37482598405244527,73,0.3895140844333028,0.007411210292902966
all,5.415396132718431,5.818094860166397,5.616745496442414,0.40269872744796587,44,0.21852564709524885,0.0038700610689046777
all,5.818094860166397,6.25073899901436,6.034416929590378,0.43264413884796316,41,0.18953221050988486,0.0031242650004287033
all,6.25073899901436,6.715555344637606,6.483147171825983,0.4648163456232455,38,0.16350543761126984,0.0025086869394355216
all,6.715555344637606,7.214936280974467,6.965245812806036,0.49938093633686087,29,0.1161438008135651,0.0016586690285012825
all,7.214936280974467,7.751452093993688,7.483194187484077,0.5365158130192214,11,0.04100531515780658,0.0005450712654331199
all,7.751452093993688,8.327864200813686,8.039658147403687,0.5764121068199977,20,0.06939479502031214,0.0008585971917147233
all,8.327864200813686,8.947139362563245,8.637501781688465,0.6192751617495595,11,0.03552540350213012,0.00040912028990002143
all,8.947139362563245,9.612464954136392,9.279802158349819,0.6653255915731471,13,0.0390786110279083,0.00041889053829806085
all,9.612464954136392,10.327265369434123,9.969865161785258,0.7148004152977308,7,0.019585886773958686,0.00019541329322975514
all,10.327265369434123,11.095219646529811,10.711242507981968,0.7679542770956882,12,0.03125186058050897,0.0002902259056605848
all,11.095219646529811,11.920280403473985,11.507750025001897,0.8250607569441737,5,0.012120319522937427,0.00010476682886194648
all,11.920280403473985,12.806694182200129,12.363487292837057,0.8864137787261441,3,0.006768847849615489,5.4459533179576493e-05
all,12.806694182200129,13.759023305240364,13.282858743720247,0.9523291230402346,8,0.01680091431932826,0.00012581763336754712
all,13.759023305240364,14.782169357746376,14.270596331493369,1.0231460525060125,5,0.009773775675043457,6.812717716995493e-05
all,14.782169357746376,15.88139841567617,15.331783886711273,1.0992290579297936,6,0.010916741977873028,7.08272705363078e-05
all,15.88139841567617,17.062368149994857,16.471883282835513,1.180969734318687,6,0.010161141010885362,6.136198088158879e-05
all,17.062368149994857,18.331156946393122,17.696762548193988,1.2687887963982654,3,0.00472891943642024,2.6580811805971736e-05
all,18.331156946393122,19.694295190401107,19.012726068397114,1.3631382440079847,6,0.008803215706659984,4.605715435607664e-05
all,19.694295190401107,21.158798878920376,20.426547034660743,1.4645036885192688,5,0.006828251836026993,3.325176639424044e-05
all,21.158798878920376,22.732205731170623,21.9455023050455,1.5734068522502476,4,0.005084508173177585,2.3046425347891958e-05
all,22.732205731170623,24.422613984912232,23.577409858041428,1.6904082537416087,2,0.0023662922794811607,9.983261396903615e-06
all,24.422613984912232,26.238724077626735,25.330669031269483,1.8161100927145029,9,0.00991129341343826,3.8920984904592846e-05
all,26.238724077626735,28.189883427185617,27.214303752406174,1.951159349558882,3,0.0030750948154780284,1.1239873726245797e-05
all,28.189883427185617,30.286134542491496,29.238008984838558,2.096251115305879,8,0.007632673339169733,2.5967433597404655e-05
all,30.286134542491496,32.53826671171416,31.412200627102827,2.252132169222662,1,0.0008880473479006842,2.8121462818672794e-06
all,32.53826671171416,34.9578715341581,33.74806912293613,2.4196048224439437,2,0.0016531625176543349,4.872667408402076e-06
all,34.9578715341581,37.5574025815809,36.2576370578695,2.5995310474228006,2,0.0015387390752519142,4.221488730155687e-06
all,37.5574025815809,40.35023949603599,38.95382103880844,2.792836914455087,1,0.0007161177187427079,1.8286664782519867e-06
all,40.35023949603599,43.350756854148,41.850498175092,3.0005173581120133,1,0.0006665517180205352,1.584285214263315e-06
all,43.350756854148,46.57439815226082,44.962577503204415,3.223641298112817,3,0.0018612492660124804,4.1176884959349896e-06
0-5%,0.1500036621987841,0.1611582079419894,0.15558093507038676,0.01115454574320529,5183,18586.144588298223,11883.191146259627
0-5%,0.1611582079419894,0.17314222603882545,0.16715021699040744,0.011984018096836052,5765,19242.294039999957,11451.17498213248
0-5%,0.17314222603882545,0.18601739756544516,0.1795798118021353,0.012875171526619711,6094,18932.56330574087,10487.018993360287
0-5%,0.18601739756544516,0.1998499903152546,0.19293369394034987,0.013832592749809441,6111,17671.307499699753,9110.888960197779
0-5%,0.1998499903152546,0.21471119987556828,0.20728059509541144,0.01486120956031367,5742,15455.000420245216,7416.696770497034
0-5%,0.21471119987556828,0.23067751606734677,0.22269435797145753,0.01596631619177849,5403,13535.996494375224,6046.181331720413
0-5%,0.23067751606734677,0.2478311166340605,0.23925431635070363,0.017153600566713723,4935,11507.788072380059,4784.452229820382
0-5%,0.2478311166340605,0.2662602902059753,0.25704570342001787,0.018429173571914814,4753,10316.252069476075,3992.1949900195445
0-5%,0.2662602902059753,0.2860598907168336,0.27616009046140444,0.019799600510858273,4682,9458.77670093869,3407.0162551403214
0-5%,0.2860598907168336,0.30733182561178773,0.29669585816431066,0.02127193489495416,4730,8894.348395400526,2981.9667888772633
0-5%,0.30733182561178773,0.33018558035936524,0.3187587029855765,0.022853754747577504,4699,8224.469111357894,2566.527794220033
0-5%,0.33018558035936524,0.35473878196710024,0.34246218116323274,0.024553201607734998,5044,8217.258312107026,2386.7914308679415
0-5%,0.35473878196710024,0.381117804401214,0.3679282931841571,0.026379022434113775,5421,8220.168148444312,2222.376645985198
0-5%,0.381117804401214,0.4094584190264065,0.3952881117138103,0.028340614625192495,5511,7778.236390259752,1957.3456887557745
0-5%,0.4094584190264065,0.43990649341353694,0.4246824562199717,0.03044807438713043,5834,7664.1956740172345,1795.156899699474
0-5%,0.43990649341353694,0.47261874211191646,0.4562626177627267,0.03271224869837952,6046,7392.949418728897,1611.7697327865271
0-5%,0.47261874211191646,0.5077635332503974,0.4901911376811569,0.0351447911384809,6308,7179.442296463915,1456.8854400480936
0-5%,0.5077635332503974,0.5455217551187899,0.5266426441845936,0.037758221868392505,6235,6605.183921777136,1247.5818313308066
0-5%,0.5455217551187899,0.5860877471898521,0.5658047511543209,0.04056599207106226,6013,5929.104348752631,1042.371797963944
0-5%,0.5860877471898521,0.6296703003737725,0.6078790237818124,0.04358255318392035,5818,5339.751414239342,873.783885454452
0-5%,0.6296703003737725,0.676493731653399,0.6530820160135857,0.046823431279626515,5149,4398.652434718425,669.9649323926516
0-5%,0.676493731653399,0.7267990386313017,0.7016463851423503,0.0503053069779027,4764,3788.069518862217,537.0315459727133
0-5%,0.7267990386313017,0.7808451399310617,0.7538220892811818,0.05404610129976006,4435,3282.3829237204864,433.13226262105525
0-5%,0.7808451399310617,0.8389102078370584,0.8098776738840601,0.05806506790599664,4097,2822.3509574691357,346.6504267452352
0-5%,0.8389102078370584,0.9012931000317808,0.8701016539344195,0.06238289219472237,3819,2448.748280589074,279.94602087673496
0-5%,0.9012931000317808,0.9683148977997376,0.9348039989157592,0.0670217977679568,3436,2050.676116982798,218.21101072848916
0-5%,0.9683148977997376,1.0403205586150097,1.0043177282073736,0.07200566081527215,3065,1702.643911768628,168.6369931001461
0-5%,1.0403205586150097,1.1176806916182294,1.0790006251166195,0.07736013300321964,2762,1428.1257763013664,131.65728972049178
0-5%,1.1176806916182294,1.2007934651212615,1.1592370783697454,0.08311277350303214,2476,1191.6339188992026,102.25174820122267
0-5%,1.2007934651212615,1.2900866559574091,1.2454400605393352,0.08929319083614762,2187,979.6939630091749,78.24700976711217
0-5%,1.2900866559574091,1.38601985122504,1.3380532535912244,0.09593319526763078,1979,825.1575461357504,61.34280434308673
0-5%,1.38601985122504,1.489086813756876,1.437553332490958,0.10306696253183611,1998,775.4182139142181,53.655244869285895
0-5%,1.489086813756876,1.5998180234898973,1.5444524186233868,0.11073120973302131,1994,720.3027962243482,46.39174585425266
0-5%,1.5998180234898973,1.7187834078161408,1.659300715653019,0.11896538432624348,1660,558.1455511286263,33.45973645286145
0-5%,1.7187834078161408,1.8465952749673606,1.7826893413917508,0.12781186715121984,1320,413.1071799266495,23.050864845564444
0-5%,1.8465952749673606,1.9839114655315202,1.9152533702494403,0.13731619056415956,1136,330.915093211595,17.18662059496904
0-5%,1.9839114655315202,2.131438738321799,2.0576751019266597,0.14752727279027877,892,241.85358629059613,11.691651942102427
0-5%,2.131438738321799,2.289936408024979,2.210687573173389,0.15849766970318013,701,176.91111833070312,7.960271985038164
0-5%,2.289936408024979,2.4602202533520083,2.3750783306884937,0.17028384532702923,518,121.67918783022164,5.096106716871193
0-5%,2.4602202533520083,2.64316671580576,2.551693484578884,0.18294646245375157,373,81.55391364165754,3.179189762358312
0-5%,2.64316671580576,2.839717410676809,2.7414420632412844,0.19655069487104893,303,61.66348080301406,2.2374282292985197
0-5%,2.839717410676809,3.050883973485085,2.945300692080947,0.2111665628082764,195,36.93766615447457,1.2474982967293538
0-5%,3.050883973485085,3.2777532668117577,3.1643186201484212,0.2268692933266725,131,23.09699970041713,0.7260650147370806
0-5%,3.2777532668117577,3.5214929743206373,3.3996231205661975,0.24373970750887963,110,18.052044309767233,0.5281967998585962
0-5%,3.5214929743206373,3.783357610761187,3.6524252925409124,0.2618646364405497,78,11.914552657469363,0.3244864367995294
0-5%,3.783357610761187,4.064694978886332,3.9240262948237596,0.2813373681251452,33,4.69187583859402,0.11893638956221751
0-5%,4.064694978886332,4.366953106518446,4.215824042702389,0.3022581276321139,22,2.9114188157450327,0.06869456173382399
0-5%,4.366953106518446,4.691687699468186,4.529320402993316,0.3247345929497403,21,2.586727802448839,0.05680909048751723
0-5%,4.691687699468186,5.040570148665986,4.866128924067086,0.34888244919779954,11,1.2611697751254354,0.02578042615103295
0-5%,5.040570148665986,5.415396132718431,5.227983140692208,0.37482598405244527,9,0.9604456876437605,0.018274217160582657
0-5%,5.415396132718431,5.818094860166397,5.616745496442414,0.40269872744796587,2,0.198659679177499,0.0035182373353678884
0-5%,5.818094860166397,6.25073899901436,6.034416929590378,0.43264413884796316,7,0.6471831578386312,0.010668221952683375
0-5%,6.25073899901436,6.715555344637606,6.483147171825983,0.4648163456232455,1,0.0860554934796157,0.001320361547071327
0-5%,6.715555344637606,7.214936280974467,6.965245812806036,0.49938093633686087,5,0.4004958648743624,0.005719548374142353
0-5%,7.214936280974467,7.751452093993688,7.483194187484077,0.5365158130192214,3,0.2236653554062177,0.002973115993271562
0-5%,7.751452093993688,8.327864200813686,8.039658147403687,0.5764121068199977,1,0.06939479502031214,0.0008585971917147232
0-5%,8.327864200813686,8.947139362563245,8.637501781688465,0.6192751617495595,2,0.12918328546229135,0.001487710145090987
0-5%,8.947139362563245,9.612464954136392,9.279802158349819,0.6653255915731471,3,0.18036282012880753,0.00193334094599105
0-5%,9.612464954136392,10.327265369434123,9.969865161785258,0.7148004152977308,0,0.0,0.0
0-5%,10.327265369434123,11.095219646529811,10.711242507981968,0.7679542770956882,1,0.052086434300848285,0.0004837098427676413
0-5%,11.095219646529811,11.920280403473985,11.507750025001897,0.8250607569441737,0,0.0,0.0
0-5%,11.920280403473985,12.806694182200129,12.363487292837057,0.8864137787261441,2,0.09025130466153984,0.0007261271090610198
0-5%,12.806694182200129,13.759023305240364,13.282858743720247,0.9523291230402346,1,0.042002285798320646,0.0003145440834188678
0-5%,13.759023305240364,14.782169357746376,14.270596331493369,1.0231460525060125,0,0.0,0.0
0-5%,14.782169357746376,15.88139841567617,15.331783886711273,1.0992290579297936,1,0.03638913992624342,0.00023609090178769264
0-5%,15.88139841567617,17.062368149994857,16.471883282835513,1.180969734318687,0,0.0,0.0
0-5%,17.062368149994857,18.331156946393122,17.696762548193988,1.2687887963982654,0,0.0,0.0
0-5%,18.331156946393122,19.694295190401107,19.012726068397114,1.3631382440079847,1,0.02934405235553328,0.0001535238478535888
0-5%,19.694295190401107,21.158798878920376,20.426547034660743,1.4645036885192688,0,0.0,0.0
0-5%,21.158798878920376,22.732205731170623,21.9455023050455,1.5734068522502476,0,0.0,0.0
0-5%,22.732205731170623,24.422613984912232,23.577409858041428,1.6904082537416087,1,0.02366292279481161,9.983261396903612e-05
0-5%,24.422613984912232,26.238724077626735,25.330669031269483,1.8161100927145029,1,0.022025096474307244,8.649107756576187e-05
0-5%,26.238724077626735,28.189883427185617,27.214303752406174,1.951159349558882,1,0.020500632103186856,7.493249150830531e-05
0-5%,28.189883427185617,30.286134542491496,29.238008984838558,2.096251115305879,0,0.0,0.0
0-5%,30.286134542491496,32.53826671171416,31.412200627102827,2.252132169222662,0,0.0,0.0
0-5%,32.53826671171416,34.9578715341581,33.74806912293613,2.4196048224439437,0,0.0,0.0
0-5%,34.9578715341581,37.5574025815809,36.2576370578695,2.5995310474228006,0,0.0,0.0
0-5%,37.5574025815809,40.35023949603599,38.95382103880844,2.792836914455087,0,0.0,0.0
0-5%,40.35023949603599,43.350756854148,41.850498175092,3.0005173581120133,0,0.0,0.0
0-5%,43.350756854148,46.57439815226082,44.962577503204415,3.223641298112817,1,0.012408328440083204,2.745125663956659e-05
5-10%,0.1500036621987841,0.1611582079419894,0.15558093507038676,0.01115454574320529,4570,17812.97569154235,11388.859804714093
5-10%,0.1611582079419894,0.17314222603882545,0.16715021699040744,0.011984018096836052,4898,17770.043404336473,10575.03206427182
5-10%,0.17314222603882545,0.18601739756544516,0.1795798118021353,0.012875171526619711,5257,17752.401738395525,9833.310534969361
5-10%,0.18601739756544516,0.1998499903152546,0.19293369394034987,0.013832592749809441,5244,16482.81013717699,8498.129123404899
5-10%,0.1998499903152546,0.21471119987556828,0.20728059509541144,0.01486120956031367,4960,14511.078189014634,6963.718137458787
5-10%,0.21471119987556828,0.23067751606734677,0.22269435797145753,0.01596631619177849,4585,12485.524130456992,5576.962357051657
5-10%,0.23067751606734677,0.2478311166340605,0.23925431635070363,0.017153600566713723,4160,10544.11664268117,4383.798351626093
5-10%,0.2478311166340605,0.2662602902059753,0.25704570342001787,0.018429173571914814,4099,9670.3951812545,3742.2605549104264
5-10%,0.2662602902059753,0.2860598907168336,0.27616009046140444,0.019799600510858273,4072,8941.770222271776,3220.792440737744
5-10%,0.2860598907168336,0.30733182561178773,0.29669585816431066,0.02127193489495416,3875,7920.213262289053,2655.3730367909266
5-10%,0.30733182561178773,0.33018558035936524,0.3187587029855765,0.022853754747577504,4034,7674.507155828193,2394.9066688295416
5-10%,0.33018558035936524,0.35473878196710024,0.34246218116323274,0.024553201607734998,4184,7408.933726221381,2152.0048242318617
5-10%,0.35473878196710024,0.381117804401214,0.3679282931841571,0.026379022434113775,4289,7069.187697736992,1911.2014939146711
5-10%,0.381117804401214,0.4094584190264065,0.3952881117138103,0.028340614625192495,4616,7081.556092841789,1782.0303462830577
5-10%,0.4094584190264065,0.43990649341353694,0.4246824562199717,0.03044807438713043,4867,6949.821948070881,1627.8317193880962
5-10%,0.43990649341353694,0.47261874211191646,0.4562626177627267,0.03271224869837952,5040,6698.7273422589205,1460.4192950502845
5-10%,0.47261874211191646,0.5077635332503974,0.4901911376811569,0.0351447911384809,5220,6457.757021370661,1310.4377459008315
5-10%,0.5077635332503974,0.5455217551187899,0.5266426441845936,0.037758221868392505,5103,5876.059682861253,1109.8654309963229
5-10%,0.5455217551187899,0.5860877471898521,0.5658047511543209,0.04056599207106226,5074,5438.266991368493,956.0796720997714
5-10%,0.5860877471898521,0.6296703003737725,0.6078790237818124,0.04358255318392035,4613,4601.961168839973,753.0536908696749
5-10%,0.6296703003737725,0.676493731653399,0.6530820160135857,0.046823431279626515,4363,4051.2975446216833,617.0588210520276
5-10%,0.676493731653399,0.7267990386313017,0.7016463851423503,0.0503053069779027,3951,3414.8009229147547,484.11355960879376
5-10%,0.7267990386313017,0.7808451399310617,0.7538220892811818,0.05404610129976006,3792,3050.535769508378,402.5384882748496
5-10%,0.7808451399310617,0.8389102078370584,0.8098776738840601,0.05806506790599664,3536,2647.704307927026,325.19975087050756
5-10%,0.8389102078370584,0.9012931000317808,0.8701016539344195,0.06238289219472237,3219,2243.5080647153904,256.4825304832275
5-10%,0.9012931000317808,0.9683148977997376,0.9348039989157592,0.0670217977679568,2983,1935.1264289111723,205.9154492721198
5-10%,0.9683148977997376,1.0403205586150097,1.0043177282073736,0.07200566081527215,2578,1556.6408981273576,154.1762423619323
5-10%,1.0403205586150097,1.1176806916182294,1.0790006251166195,0.07736013300321964,2389,1342.6756287126389,123.77973787986606
5-10%,1.1176806916182294,1.2007934651212615,1.1592370783697454,0.08311277350303214,2146,1122.6234415421475,96.33009571882413
5-10%,1.2007934651212615,1.2900866559574091,1.2454400605393352,0.08929319083614762,1816,884.238999634531,70.62313360424034
5-10%,1.2900866559574091,1.38601985122504,1.3380532535912244,0.09593319526763078,1720,779.5279672174631,57.9506686897803
5-10%,1.38601985122504,1.489086813756876,1.437553332490958,0.10306696253183611,1778,750.0400315203681,51.89919559646078
5-10%,1.489086813756876,1.5998180234898973,1.5444524186233868,0.11073120973302131,1770,694.9849272366536,44.76112585693342
5-10%,1.5998180234898973,1.7187834078161408,1.659300715653019,0.11896538432624348,1399,511.2923166768911,30.65097649132607
5-10%,1.7187834078161408,1.8465952749673606,1.7826893413917508,0.12781186715121984,1087,369.7690255107609,20.632649939993872
5-10%,1.8465952749673606,1.9839114655315202,1.9152533702494403,0.13731619056415956,1029,325.81103692851656,16.921533022258824
5-10%,1.9839114655315202,2.131438738321799,2.0576751019266597,0.14752727279027877,762,224.57159382120568,10.856208300694641
5-10%,2.131438738321799,2.289936408024979,2.210687573173389,0.15849766970318013,574,157.45671078866152,7.084903739086874
5-10%,2.289936408024979,2.4602202533520083,2.3750783306884937,0.17028384532702923,440,112.34439030824561,4.705151408895681
5-10%,2.4602202533520083,2.64316671580576,2.551693484578884,0.18294646245375157,302,71.77200699318271,2.7978648683768808
5-10%,2.64316671580576,2.839717410676809,2.7414420632412844,0.19655069487104893,255,56.40761803977826,2.046721905837001
5-10%,2.839717410676809,3.050883973485085,2.945300692080947,0.2111665628082764,177,36.4435167744816,1.230809356304881
5-10%,3.050883973485085,3.2777532668117577,3.1643186201484212,0.2268692933266725,141,27.021879835370186,0.8494454619808196
5-10%,3.2777532668117577,3.5214929743206373,3.3996231205661975,0.24373970750887963,63,11.237932722483555,0.32881816591987717
5-10%,3.5214929743206373,3.783357610761187,3.6524252925409124,0.2618646364405497,56,9.297867179741978,0.2532224144477933
5-10%,3.783357610761187,4.064694978886332,3.9240262948237596,0.2813373681251452,39,6.02711323139548,0.15278389963525965
5-10%,4.064694978886332,4.366953106518446,4.215824042702389,0.3022581276321139,23,3.308430472437537,0.07806200197025456
5-10%,4.366953106518446,4.691687699468186,4.529320402993316,0.3247345929497403,18,2.4099948470020243,0.052927724056693076
5-10%,4.691687699468186,5.040570148665986,4.866128924067086,0.34888244919779954,17,2.1185658277798813,0.04330703997703165
5-10%,5.040570148665986,5.415396132718431,5.227983140692208,0.37482598405244527,7,0.8119709919693627,0.015449217406289685
5-10%,5.415396132718431,5.818094860166397,5.616745496442414,0.40269872744796587,7,0.7557705186100505,0.013384598558464793
5-10%,5.818094860166397,6.25073899901436,6.034416929590378,0.43264413884796316,10,1.0049427916748932,0.01656556203832823
5-10%,6.25073899901436,6.715555344637606,6.483147171825983,0.4648163456232455,5,0.4676928993457375,0.007175877973213734
5-10%,6.715555344637606,7.214936280974467,6.965245812806036,0.49938093633686087,2,0.1741286369018967,0.002486760162670588
5-10%,7.214936280974467,7.751452093993688,7.483194187484077,0.5365158130192214,2,0.16207634449725922,0.0021544318791822917
5-10%,7.751452093993688,8.327864200813686,8.039658147403687,0.5764121068199977,3,0.22628737506623522,0.0027997734512436633
5-10%,8.327864200813686,8.947139362563245,8.637501781688465,0.6192751617495595,1,0.07020830731646269,0.0008085381223320584
5-10%,8.947139362563245,9.612464954136392,9.279802158349819,0.6653255915731471,1,0.06534884787275635,0.0007004858499967573
5-10%,9.612464954136392,10.327265369434123,9.969865161785258,0.7148004152977308,2,0.12165147064570611,0.0012137471629177338
5-10%,10.327265369434123,11.095219646529811,10.711242507981968,0.7679542770956882,0,0.0,0.0
5-10%,11.095219646529811,11.920280403473985,11.507750025001897,0.8250607569441737,0,0.0,0.0
5-10%,11.920280403473985,12.806694182200129,12.363487292837057,0.8864137787261441,0,0.0,0.0
5-10%,12.806694182200129,13.759023305240364,13.282858743720247,0.9523291230402346,0,0.0,0.0
5-10%,13.759023305240364,14.782169357746376,14.270596331493369,1.0231460525060125,2,0.08498935369603006,0.0005924102362604777
5-10%,14.782169357746376,15.88139841567617,15.331783886711273,1.0992290579297936,0,0.0,0.0
5-10%,15.88139841567617,17.062368149994857,16.471883282835513,1.180969734318687,2,0.07363145660061857,0.0004446520353738318
5-10%,17.062368149994857,18.331156946393122,17.696762548193988,1.2687887963982654,0,0.0,0.0
5-10%,18.331156946393122,19.694295190401107,19.012726068397114,1.3631382440079847,1,0.03189570908210139,0.00016687374766694433
5-10%,19.694295190401107,21.158798878920376,20.426547034660743,1.4645036885192688,2,0.059376102921973845,0.0002891457947325255
5-10%,21.158798878920376,22.732205731170623,21.9455023050455,1.5734068522502476,1,0.027633196593356436,0.00012525231167332586
5-10%,22.732205731170623,24.422613984912232,23.577409858041428,1.6904082537416087,0,0.0,0.0
5-10%,24.422613984912232,26.238724077626735,25.330669031269483,1.8161100927145029,2,0.04788064450936357,0.00018802408166469973
5-10%,26.238724077626735,28.189883427185617,27.214303752406174,1.951159349558882,0,0.0,0.0
5-10%,28.189883427185617,30.286134542491496,29.238008984838558,2.096251115305879,4,0.08296384064314927,0.000282254713015268
5-10%,30.286134542491496,32.53826671171416,31.412200627102827,2.252132169222662,0,0.0,0.0
5-10%,32.53826671171416,34.9578715341581,33.74806912293613,2.4196048224439437,1,0.017969157800590597,5.296377617828344e-05
5-10%,34.9578715341581,37.5574025815809,36.2576370578695,2.5995310474228006,0,0.0,0.0
5-10%,37.5574025815809,40.35023949603599,38.95382103880844,2.792836914455087,0,0.0,0.0
5-10%,40.35023949603599,43.350756854148,41.850498175092,3.0005173581120133,0,0.0,0.0
5-10%,43.350756854148,46.57439815226082,44.962577503204415,3.223641298112817,0,0.0,0.0
10-30%,0.1500036621987841,0.1611582079419894,0.15558093507038676,0.01115454574320529,11423,10779.65055962969,6892.0505531100525
10-30%,0.1611582079419894,0.17314222603882545,0.16715021699040744,0.011984018096836052,12252,10761.701126492879,6404.336325425075
10-30%,0.17314222603882545,0.18601739756544516,0.1795798118021353,0.012875171526619711,12670,10358.57431311803,5737.763228968737
10-30%,0.18601739756544516,0.1998499903152546,0.19293369394034987,0.013832592749809441,12943,9849.354183078569,5078.083344608939
10-30%,0.1998499903152546,0.21471119987556828,0.20728059509541144,0.01486120956031367,12138,8597.444274915051,4125.82565217937
10-30%,0.21471119987556828,0.23067751606734677,0.22269435797145753,0.01596631619177849,11438,7540.875337417994,3368.314974732268
10-30%,0.23067751606734677,0.2478311166340605,0.23925431635070363,0.017153600566713723,10474,6427.375474329907,2672.2312512738595
10-30%,0.2478311166340605,0.2662602902059753,0.25704570342001787,0.018429173571914814,10023,5724.904741180568,2215.430165156959
10-30%,0.2662602902059753,0.2860598907168336,0.27616009046140444,0.019799600510858273,9947,5288.251300851926,1904.8084877066015
10-30%,0.2860598907168336,0.30733182561178773,0.29669585816431066,0.02127193489495416,9725,4812.369986940587,1613.4208869384324
10-30%,0.30733182561178773,0.33018558035936524,0.3187587029855765,0.022853754747577504,9860,4541.462653755492,1417.208815481991
10-30%,0.33018558035936524,0.35473878196710024,0.34246218116323274,0.024553201607734998,10573,4532.7993725691595,1316.6005362581257
10-30%,0.35473878196710024,0.381117804401214,0.3679282931841571,0.026379022434113775,10949,4369.101693090068,1181.2154436883823
10-30%,0.381117804401214,0.4094584190264065,0.3952881117138103,0.028340614625192495,11392,4231.23461010224,1064.7643510254984
10-30%,0.4094584190264065,0.43990649341353694,0.4246824562199717,0.03044807438713043,12019,4155.132697887751,973.2417397780696
10-30%,0.43990649341353694,0.47261874211191646,0.4562626177627267,0.03271224869837952,12448,4005.581522552419,873.2746153928083
10-30%,0.47261874211191646,0.5077635332503974,0.4901911376811569,0.0351447911384809,12807,3835.860790425415,778.390507905414
10-30%,0.5077635332503974,0.5455217551187899,0.5266426441845936,0.037758221868392505,12630,3521.0177238866004,665.0469982572105
10-30%,0.5455217551187899,0.5860877471898521,0.5658047511543209,0.04056599207106226,12235,3174.813855374252,558.1511526818582
10-30%,0.5860877471898521,0.6296703003737725,0.6078790237818124,0.04358255318392035,11681,2821.264147099281,461.6647774598549
10-30%,0.6296703003737725,0.676493731653399,0.6530820160135857,0.046823431279626515,10769,2420.9651373022207,368.74060149321093
10-30%,0.676493731653399,0.7267990386313017,0.7016463851423503,0.0503053069779027,9816,2053.984400390623,291.1917039677048
10-30%,0.7267990386313017,0.7808451399310617,0.7538220892811818,0.05404610129976006,9395,1829.821845864473,241.45716533108725
10-30%,0.7808451399310617,0.8389102078370584,0.8098776738840601,0.05806506790599664,8777,1591.1369264870705,195.4286702428561
10-30%,0.8389102078370584,0.9012931000317808,0.8701016539344195,0.06238289219472237,7854,1325.262123988547,151.50673557185522
10-30%,0.9012931000317808,0.9683148977997376,0.9348039989157592,0.0670217977679568,7163,1125.0071247126234,119.71122096135102
10-30%,0.9683148977997376,1.0403205586150097,1.0043177282073736,0.07200566081527215,6213,908.2619235698882,89.95806972878918
10-30%,1.0403205586150097,1.1176806916182294,1.0790006251166195,0.07736013300321964,5697,775.185082090484,71.46343034582506
10-30%,1.1176806916182294,1.2007934651212615,1.1592370783697454,0.08311277350303214,5125,649.0863696070076,55.69681675997643
10-30%,1.2007934651212615,1.2900866559574091,1.2454400605393352,0.08929319083614762,4693,553.2336736700188,44.186125771551694
10-30%,1.2900866559574091,1.38601985122504,1.3380532535912244,0.09593319526763078,4311,473.0265393727853,35.16513251283835
10-30%,1.38601985122504,1.489086813756876,1.437553332490958,0.10306696253183611,4198,428.74527975500337,29.66713001965942
10-30%,1.489086813756876,1.5998180234898973,1.5444524186233868,0.11073120973302131,4381,416.46604949834625,26.822868419400425
10-30%,1.5998180234898973,1.7187834078161408,1.659300715653019,0.11896538432624348,3504,310.04153632763257,18.586384992204582
10-30%,1.7187834078161408,1.8465952749673606,1.7826893413917508,0.12781186715121984,2785,229.36672569691365,12.798376912858249
10-30%,1.8465952749673606,1.9839114655315202,1.9152533702494403,0.13731619056415956,2415,185.12786094004863,9.614920482035359
10-30%,1.9839114655315202,2.131438738321799,2.0576751019266597,0.14752727279027877,1982,141.41898985955908,6.836456853093879
10-30%,2.131438738321799,2.289936408024979,2.210687573173389,0.15849766970318013,1476,98.02568160376823,4.410752102228519
10-30%,2.289936408024979,2.4602202533520083,2.3750783306884937,0.17028384532702923,1144,70.7178372677167,2.9617689921259123
10-30%,2.4602202533520083,2.64316671580576,2.551693484578884,0.18294646245375157,783,45.052006759854564,1.7562477662809077
10-30%,2.64316671580576,2.839717410676809,2.7414420632412844,0.19655069487104893,597,31.972466596664407,1.1601047879895918
10-30%,2.839717410676809,3.050883973485085,2.945300692080947,0.2111665628082764,401,19.9892093494525,0.6750969190127811
10-30%,3.050883973485085,3.2777532668117577,3.1643186201484212,0.2268692933266725,316,14.661815800184437,0.46090105395122033
10-30%,3.2777532668117577,3.5214929743206373,3.3996231205661975,0.24373970750887963,207,8.939648737133535,0.2615711425137068
10-30%,3.5214929743206373,3.783357610761187,3.6524252925409124,0.2618646364405497,150,6.029631911674779,0.1642137838054298
10-30%,3.783357610761187,4.064694978886332,3.9240262948237596,0.2813373681251452,101,3.7789430597926312,0.09579406176861219
10-30%,4.064694978886332,4.366953106518446,4.215824042702389,0.3022581276321139,74,2.5770932101092394,0.060806191008408804
10-30%,4.366953106518446,4.691687699468186,4.529320402993316,0.3247345929497403,52,1.6855870391897199,0.037018454954271876
10-30%,4.691687699468186,5.040570148665986,4.866128924067086,0.34888244919779954,39,1.1766895031074638,0.024053507652877636
10-30%,5.040570148665986,5.415396132718431,5.227983140692208,0.37482598405244527,32,0.8986626317134601,0.01709868272335219
10-30%,5.415396132718431,5.818094860166397,5.616745496442414,0.40269872744796587,15,0.3920914720608532,0.00694388947769978
10-30%,5.818094860166397,6.25073899901436,6.034416929590378,0.43264413884796316,12,0.2919623268444953,0.004812731707977463
10-30%,6.25073899901436,6.715555344637606,6.483147171825983,0.4648163456232455,15,0.33969273741953565,0.005211953475281555
10-30%,6.715555344637606,7.214936280974467,6.965245812806036,0.49938093633686087,9,0.18970856757206642,0.002709259756172693
10-30%,7.214936280974467,7.751452093993688,7.483194187484077,0.5365158130192214,4,0.07847907207235709,0.0010431985941303727
10-30%,7.751452093993688,8.327864200813686,8.039658147403687,0.5764121068199977,4,0.07304715265296013,0.0009037865175944453
10-30%,8.327864200813686,8.947139362563245,8.637501781688465,0.6192751617495595,5,0.08498900359361272,0.000978756674401965
10-30%,8.947139362563245,9.612464954136392,9.279802158349819,0.6653255915731471,2,0.03164260002259781,0.00033918262210369293
10-30%,9.612464954136392,10.327265369434123,9.969865161785258,0.7148004152977308,1,0.014726230657111794,0.000146927288142673
10-30%,10.327265369434123,11.095219646529811,10.711242507981968,0.7679542770956882,7,0.09594869476472051,0.0008910444472035496
10-30%,11.095219646529811,11.920280403473985,11.507750025001897,0.8250607569441737,4,0.05103292430710495,0.00044112348994503774
10-30%,11.920280403473985,12.806694182200129,12.363487292837057,0.8864137787261441,1,0.011875171665992085,9.554304066592366e-05
10-30%,12.806694182200129,13.759023305240364,13.282858743720247,0.9523291230402346,3,0.033159699314463664,0.00024832427638331664
10-30%,13.759023305240364,14.782169357746376,14.270596331493369,1.0231460525060125,3,0.030864554763295124,0.0002151384542209103
10-30%,14.782169357746376,15.88139841567617,15.331783886711273,1.0992290579297936,1,0.009576089454274584,6.212918468097176e-05
10-30%,15.88139841567617,17.062368149994857,16.471883282835513,1.180969734318687,2,0.017826563176991862,0.00010765259803787506
10-30%,17.062368149994857,18.331156946393122,17.696762548193988,1.2687887963982654,2,0.016592699776913123,9.326600633674294e-05
10-30%,18.331156946393122,19.694295190401107,19.012726068397114,1.3631382440079847,2,0.01544423808185962,8.080202518609936e-05
10-30%,19.694295190401107,21.158798878920376,20.426547034660743,1.4645036885192688,1,0.00718763351160736,3.5001859362358346e-05
10-30%,21.158798878920376,22.732205731170623,21.9455023050455,1.5734068522502476,2,0.0133802846662568,6.06484877576104e-05
10-30%,22.732205731170623,24.422613984912232,23.577409858041428,1.6904082537416087,1,0.0062270849460030545,2.62717405181674e-05
10-30%,24.422613984912232,26.238724077626735,25.330669031269483,1.8161100927145029,1,0.005796078019554538,2.276080988572681e-05
10-30%,26.238724077626735,28.189883427185617,27.214303752406174,1.951159349558882,1,0.0053949031850491725,1.971907671271192e-05
10-30%,28.189883427185617,30.286134542491496,29.238008984838558,2.096251115305879,1,0.005021495617874823,1.708383789302938e-05
10-30%,30.286134542491496,32.53826671171416,31.412200627102827,2.252132169222662,0,0.0,0.0
10-30%,32.53826671171416,34.9578715341581,33.74806912293613,2.4196048224439437,1,0.004350427678037724,1.2822808969479146e-05
10-30%,34.9578715341581,37.5574025815809,36.2576370578695,2.5995310474228006,0,0.0,0.0
10-30%,37.5574025815809,40.35023949603599,38.95382103880844,2.792836914455087,1,0.00376904062496162,9.62456041185256e-06
10-30%,40.35023949603599,43.350756854148,41.850498175092,3.0005173581120133,0,0.0,0.0
10-30%,43.350756854148,46.57439815226082,44.962577503204415,3.223641298112817,0,0.0,0.0
30-50%,0.1500036621987841,0.1611582079419894,0.15558093507038676,0.01115454574320529,5555,5533.369412180667,3537.8012957678006
30-50%,0.1611582079419894,0.17314222603882545,0.16715021699040744,0.011984018096836052,5984,5548.12988028138,3301.716830157114
30-50%,0.17314222603882545,0.18601739756544516,0.1795798118021353,0.012875171526619711,6218,5366.055803299088,2972.335452937054
30-50%,0.18601739756544516,0.1998499903152546,0.19293369394034987,0.013832592749809441,6474,5200.278402928062,2681.1348901034753
30-50%,0.1998499903152546,0.21471119987556828,0.20728059509541144,0.01486120956031367,5930,4433.615488798624,2127.6467669534136
30-50%,0.21471119987556828,0.23067751606734677,0.22269435797145753,0.01596631619177849,5413,3766.958121211111,1682.6032630330167
30-50%,0.23067751606734677,0.2478311166340605,0.23925431635070363,0.017153600566713723,5139,3328.7472083733605,1383.9524940361896
30-50%,0.2478311166340605,0.2662602902059753,0.25704570342001787,0.018429173571914814,4821,2906.6233739476916,1124.8084278282856
30-50%,0.2662602902059753,0.2860598907168336,0.27616009046140444,0.019799600510858273,4742,2661.108685500692,958.5214700433934
30-50%,0.2860598907168336,0.30733182561178773,0.29669585816431066,0.02127193489495416,4488,2344.246863904015,785.944735052922
30-50%,0.30733182561178773,0.33018558035936524,0.3187587029855765,0.022853754747577504,4664,2267.5583419269597,707.6142460714002
30-50%,0.33018558035936524,0.35473878196710024,0.34246218116323274,0.024553201607734998,5010,2267.18566303508,658.5285635655337
30-50%,0.35473878196710024,0.381117804401214,0.3679282931841571,0.026379022434113775,5333,2246.313550987595,607.3056761277676
30-50%,0.381117804401214,0.4094584190264065,0.3952881117138103,0.028340614625192495,5409,2120.6314963464483,533.6439661323809
30-50%,0.4094584190264065,0.43990649341353694,0.4246824562199717,0.03044807438713043,5576,2034.793884428451,476.6024298520297
30-50%,0.43990649341353694,0.47261874211191646,0.4562626177627267,0.03271224869837952,6009,2041.0295630325809,444.97391867507633
30-50%,0.47261874211191646,0.5077635332503974,0.4901911376811569,0.0351447911384809,6008,1899.443797873741,385.44386862401126
30-50%,0.5077635332503974,0.5455217551187899,0.5266426441845936,0.037758221868392505,5775,1699.4091218151545,320.9830293119223
30-50%,0.5455217551187899,0.5860877471898521,0.5658047511543209,0.04056599207106226,5780,1583.1542369214021,278.32792801853367
30-50%,0.5860877471898521,0.6296703003737725,0.6078790237818124,0.04358255318392035,5494,1400.6624207359796,229.20097908248155
30-50%,0.6296703003737725,0.676493731653399,0.6530820160135857,0.046823431279626515,4842,1148.9973829280016,175.00540572307563
30-50%,0.676493731653399,0.7267990386313017,0.7016463851423503,0.0503053069779027,4550,1004.9745959757842,142.4744340759309
30-50%,0.7267990386313017,0.7808451399310617,0.7538220892811818,0.05404610129976006,4249,873.534075090088,115.26863233601803
30-50%,0.7808451399310617,0.8389102078370584,0.8098776738840601,0.05806506790599664,4094,783.4123084559598,96.22127621125166
30-50%,0.8389102078370584,0.9012931000317808,0.8701016539344195,0.06238289219472237,3794,675.7550679755425,77.25373157649855
30-50%,0.9012931000317808,0.9683148977997376,0.9348039989157592,0.0670217977679568,3366,558.0274066876938,59.37930588799109
30-50%,0.9683148977997376,1.0403205586150097,1.0043177282073736,0.07200566081527215,2990,461.3834779942177,45.69735448336387
30-50%,1.0403205586150097,1.1176806916182294,1.0790006251166195,0.07736013300321964,2754,395.552577433217,36.465541866827
30-50%,1.1176806916182294,1.2007934651212615,1.1592370783697454,0.08311277350303214,2449,327.39986844643545,28.093534749685233
30-50%,1.2007934651212615,1.2900866559574091,1.2454400605393352,0.08929319083614762,2107,262.1824899736234,20.940208502172606
30-50%,1.2900866559574091,1.38601985122504,1.3380532535912244,0.09593319526763078,2076,240.44509934560355,17.87486129586324
30-50%,1.38601985122504,1.489086813756876,1.437553332490958,0.10306696253183611,1873,201.91835094279423,13.97178757092822
30-50%,1.489086813756876,1.5998180234898973,1.5444524186233868,0.11073120973302131,2072,207.91087063647183,13.390685585926043
30-50%,1.5998180234898973,1.7187834078161408,1.659300715653019,0.11896538432624348,1567,146.35443082639847,8.773662486886527
30-50%,1.7187834078161408,1.8465952749673606,1.7826893413917508,0.12781186715121984,1210,105.18932822206354,5.869433178268724
30-50%,1.8465952749673606,1.9839114655315202,1.9152533702494403,0.13731619056415956,1169,94.59109545294272,4.912744394444154
30-50%,1.9839114655315202,2.131438738321799,2.0576751019266597,0.14752727279027877,891,67.10623610641541,3.2440401969398547
30-50%,2.131438738321799,2.289936408024979,2.210687573173389,0.15849766970318013,705,49.4223880262901,2.223803990114085
30-50%,2.289936408024979,2.4602202533520083,2.3750783306884937,0.17028384532702923,492,32.10326062444715,1.3445326601783716
30-50%,2.4602202533520083,2.64316671580576,2.551693484578884,0.18294646245375157,348,21.1355093441293,0.8239187051688207
30-50%,2.64316671580576,2.839717410676809,2.7414420632412844,0.19655069487104893,265,14.980585270259192,0.5435629636634651
30-50%,2.839717410676809,3.050883973485085,2.945300692080947,0.2111665628082764,219,11.523289014002751,0.3891768190651403
30-50%,3.050883973485085,3.2777532668117577,3.1643186201484212,0.2268692933266725,133,6.513784902789394,0.20476388244281535
30-50%,3.2777532668117577,3.5214929743206373,3.3996231205661975,0.24373970750887963,105,4.786526900317069,0.14005218178068843
30-50%,3.5214929743206373,3.783357610761187,3.6524252925409124,0.2618646364405497,79,3.3520287034903125,0.09129069981183341
30-50%,3.783357610761187,4.064694978886332,3.9240262948237596,0.2813373681251452,53,2.093176931359285,0.05306084719526539
30-50%,4.064694978886332,4.366953106518446,4.215824042702389,0.3022581276321139,38,1.3968928661402935,0.032959511942996365
30-50%,4.366953106518446,4.691687699468186,4.529320402993316,0.3247345929497403,32,1.094911239131784,0.02404617586773216
30-50%,4.691687699468186,5.040570148665986,4.866128924067086,0.34888244919779954,13,0.41402038072299646,0.008463271211197686
30-50%,5.040570148665986,5.415396132718431,5.227983140692208,0.37482598405244527,11,0.3260772396321409,0.006204209529827445
30-50%,5.415396132718431,5.818094860166397,5.616745496442414,0.40269872744796587,10,0.2759162210798597,0.004886440743566512
30-50%,5.818094860166397,6.25073899901436,6.034416929590378,0.43264413884796316,5,0.12840935671401413,0.0021167107048974954
30-50%,6.25073899901436,6.715555344637606,6.483147171825983,0.4648163456232455,12,0.28685164493205234,0.0044012051569044235
30-50%,6.715555344637606,7.214936280974467,6.965245812806036,0.49938093633686087,9,0.2002479324371812,0.0028597741870711765
30-50%,7.214936280974467,7.751452093993688,7.483194187484077,0.5365158130192214,2,0.04141951026041069,0.0005505770357910301
30-50%,7.751452093993688,8.327864200813686,8.039658147403687,0.5764121068199977,8,0.15421065560069364,0.0019079937593660513
30-50%,8.327864200813686,8.947139362563245,8.637501781688465,0.6192751617495595,2,0.0358842459617476,0.00041325281808082977
30-50%,8.947139362563245,9.612464954136392,9.279802158349819,0.6653255915731471,3,0.05010078336911321,0.0005370391516641805
30-50%,9.612464954136392,10.327265369434123,9.969865161785258,0.7148004152977308,0,0.0,0.0
30-50%,10.327265369434123,11.095219646529811,10.711242507981968,0.7679542770956882,1,0.014468453972457856,0.00013436384521323369
30-50%,11.095219646529811,11.920280403473985,11.507750025001897,0.8250607569441737,0,0.0,0.0
30-50%,11.920280403473985,12.806694182200129,12.363487292837057,0.8864137787261441,0,0.0,0.0
30-50%,12.806694182200129,13.759023305240364,13.282858743720247,0.9523291230402346,3,0.03500190483193387,0.0002621200695157231
30-50%,13.759023305240364,14.782169357746376,14.270596331493369,1.0231460525060125,0,0.0,0.0
30-50%,14.782169357746376,15.88139841567617,15.331783886711273,1.0992290579297936,1,0.010108094423956507,6.558080605213687e-05
30-50%,15.88139841567617,17.062368149994857,16.471883282835513,1.180969734318687,2,0.018816927797935857,0.00011363329792886814
30-50%,17.062368149994857,18.331156946393122,17.696762548193988,1.2687887963982654,1,0.008757258215593039,4.922372556661432e-05
30-50%,18.331156946393122,19.694295190401107,19.012726068397114,1.3631382440079847,0,0.0,0.0
30-50%,19.694295190401107,21.158798878920376,20.426547034660743,1.4645036885192688,0,0.0,0.0
30-50%,21.158798878920376,22.732205731170623,21.9455023050455,1.5734068522502476,0,0.0,0.0
30-50%,22.732205731170623,24.422613984912232,23.577409858041428,1.6904082537416087,0,0.0,0.0
30-50%,24.422613984912232,26.238724077626735,25.330669031269483,1.8161100927145029,2,0.01223616470794847,4.8050598647645496e-05
30-50%,26.238724077626735,28.189883427185617,27.214303752406174,1.951159349558882,1,0.005694620028663016,2.081458097452925e-05
30-50%,28.189883427185617,30.286134542491496,29.238008984838558,2.096251115305879,2,0.010600935193291295,3.606587999639535e-05
30-50%,30.286134542491496,32.53826671171416,31.412200627102827,2.252132169222662,1,0.004933596377226023,1.5623034899262658e-05
30-50%,32.53826671171416,34.9578715341581,33.74806912293613,2.4196048224439437,0,0.0,0.0
30-50%,34.9578715341581,37.5574025815809,36.2576370578695,2.5995310474228006,0,0.0,0.0
30-50%,37.5574025815809,40.35023949603599,38.95382103880844,2.792836914455087,0,0.0,0.0
30-50%,40.35023949603599,43.350756854148,41.850498175092,3.0005173581120133,1,0.0037030651001140847,8.801584523685084e-06
30-50%,43.350756854148,46.57439815226082,44.962577503204415,3.223641298112817,1,0.003446757900023112,7.625349066546277e-06
50-80%,0.1500036621987841,0.1611582079419894,0.15558093507038676,0.01115454574320529,3374,2240.574665070216,1432.5282414546123
50-80%,0.1611582079419894,0.17314222603882545,0.16715021699040744,0.011984018096836052,3727,2303.685390353019,1370.933447637652
50-80%,0.17314222603882545,0.18601739756544516,0.1795798118021353,0.012875171526619711,4055,2332.942669923642,1292.2504837203553
50-80%,0.18601739756544516,0.1998499903152546,0.19293369394034987,0.013832592749809441,4112,2201.9920495150027,1135.2926236335588
50-80%,0.1998499903152546,0.21471119987556828,0.20728059509541144,0.01486120956031367,3881,1934.4420137186578,928.3189547550534
50-80%,0.21471119987556828,0.23067751606734677,0.22269435797145753,0.01596631619177849,3502,1624.7167116794521,725.7191486103361
50-80%,0.23067751606734677,0.2478311166340605,0.23925431635070363,0.017153600566713723,3439,1485.0569695266247,617.4239640644038
50-80%,0.2478311166340605,0.2662602902059753,0.25704570342001787,0.018429173571914814,3235,1300.2733339861413,503.1812575571463
50-80%,0.2662602902059753,0.2860598907168336,0.27616009046140444,0.019799600510858273,3078,1151.5383852061198,414.7798516510003
50-80%,0.2860598907168336,0.30733182561178773,0.29669585816431066,0.02127193489495416,3027,1054.0753501243987,353.3949365723701
50-80%,0.30733182561178773,0.33018558035936524,0.3187587029855765,0.022853754747577504,2968,961.9944480902252,300.19998318180615
50-80%,0.33018558035936524,0.35473878196710024,0.34246218116323274,0.024553201607734998,3136,946.0937111481054,274.8031371046592
50-80%,0.35473878196710024,0.381117804401214,0.3679282931841571,0.026379022434113775,3207,900.547228953962,243.46887972270156
50-80%,0.381117804401214,0.4094584190264065,0.3952881117138103,0.028340614625192495,3314,866.182631280228,217.96956970021702
50-80%,0.4094584190264065,0.43990649341353694,0.4246824562199717,0.03044807438713043,3464,842.7219052678329,197.3877112634422
50-80%,0.43990649341353694,0.47261874211191646,0.4562626177627267,0.03271224869837952,3699,837.6067402959468,182.6103650279145
50-80%,0.47261874211191646,0.5077635332503974,0.4901911376811569,0.0351447911384809,3690,777.7349771586888,157.82155739265446
50-80%,0.5077635332503974,0.5455217551187899,0.5266426441845936,0.037758221868392505,3615,709.1906465064108,133.95135941848187
50-80%,0.5455217551187899,0.5860877471898521,0.5658047511543209,0.04056599207106226,3575,652.8000457893901,114.76612948861107
50-80%,0.5860877471898521,0.6296703003737725,0.6078790237818124,0.04358255318392035,3432,583.3119072886642,95.45173646536547
50-80%,0.6296703003737725,0.676493731653399,0.6530820160135857,0.046823431279626515,2974,470.48302586092206,71.65993069261006
50-80%,0.676493731653399,0.7267990386313017,0.7016463851423503,0.0503053069779027,2803,412.7390172190656,58.513676002173526
50-80%,0.7267990386313017,0.7808451399310617,0.7538220892811818,0.05404610129976006,2766,379.100219926129,50.02479595848841
50-80%,0.7808451399310617,0.8389102078370584,0.8098776738840601,0.05806506790599664,2759,351.9678487265906,43.229848732591336
50-80%,0.8389102078370584,0.9012931000317808,0.8701016539344195,0.06238289219472237,2502,297.0899982559844,33.96394946483911
50-80%,0.9012931000317808,0.9683148977997376,0.9348039989157592,0.0670217977679568,2293,253.4277764973028,26.967072370996945
50-80%,0.9683148977997376,1.0403205586150097,1.0043177282073736,0.07200566081527215,2057,211.60887719823987,20.958630584677696
50-80%,1.0403205586150097,1.1176806916182294,1.0790006251166195,0.07736013300321964,1858,177.9076951999315,16.4011079129907
50-80%,1.1176806916182294,1.2007934651212615,1.1592370783697454,0.08311277350303214,1770,157.75085535597952,13.536288691150911
50-80%,1.2007934651212615,1.2900866559574091,1.2454400605393352,0.08929319083614762,1470,121.94534417377832,9.739631861475631
50-80%,1.2900866559574091,1.38601985122504,1.3380532535912244,0.09593319526763078,1349,104.1619906927486,7.7434771638148705
50-80%,1.38601985122504,1.489086813756876,1.437553332490958,0.10306696253183611,1379,99.10852676636885,6.857837715006234
50-80%,1.489086813756876,1.5998180234898973,1.5444524186233868,0.11073120973302131,1605,107.3671001838923,6.9150741201452055
50-80%,1.5998180234898973,1.7187834078161408,1.659300715653019,0.11896538432624348,1151,71.66728350614109,4.296313772561751
50-80%,1.7187834078161408,1.8465952749673606,1.7826893413917508,0.12781186715121984,853,49.4360864867329,2.758471901412244
50-80%,1.8465952749673606,1.9839114655315202,1.9152533702494403,0.13731619056415956,754,40.67390132393431,2.112466081215222
50-80%,1.9839114655315202,2.131438738321799,2.0576751019266597,0.14752727279027877,627,31.481937926466486,1.5218954010335122
50-80%,2.131438738321799,2.289936408024979,2.210687573173389,0.15849766970318013,468,21.8720355520603,0.9841515530717657
50-80%,2.289936408024979,2.4602202533520083,2.3750783306884937,0.17028384532702923,355,15.442625368128374,0.646760290465206
50-80%,2.4602202533520083,2.64316671580576,2.551693484578884,0.18294646245375157,235,9.515028153008402,0.3709212561583772
50-80%,2.64316671580576,2.839717410676809,2.7414420632412844,0.19655069487104893,182,6.859035268395403,0.24887662738805194
50-80%,2.839717410676809,3.050883973485085,2.945300692080947,0.2111665628082764,168,5.893188902138394,0.19903106728445533
50-80%,3.050883973485085,3.2777532668117577,3.1643186201484212,0.2268692933266725,99,3.2324045382263153,0.10161215218966778
50-80%,3.2777532668117577,3.5214929743206373,3.3996231205661975,0.24373970750887963,73,2.2185172299882288,0.06491307473009687
50-80%,3.5214929743206373,3.783357610761187,3.6524252925409124,0.2618646364405497,63,1.7820912094505459,0.04853429610249371
50-80%,3.783357610761187,4.064694978886332,3.9240262948237596,0.2813373681251452,36,0.9478537047664686,0.02402755344691263
50-80%,4.064694978886332,4.366953106518446,4.215824042702389,0.3022581276321139,32,0.7842205564296385,0.018503585652208488
50-80%,4.366953106518446,4.691687699468186,4.529320402993316,0.3247345929497403,18,0.4105917146744189,0.00901731595039956
50-80%,4.691687699468186,5.040570148665986,4.866128924067086,0.34888244919779954,16,0.33970903033681765,0.00694422253226477
50-80%,5.040570148665986,5.415396132718431,5.227983140692208,0.37482598405244527,13,0.25690934031623225,0.004888165084106472
50-80%,5.415396132718431,5.818094860166397,5.616745496442414,0.40269872744796587,8,0.1471553179092585,0.002606101729902139
50-80%,5.818094860166397,6.25073899901436,6.034416929590378,0.43264413884796316,5,0.08560623780934275,0.0014111404699316636
50-80%,6.25073899901436,6.715555344637606,6.483147171825983,0.4648163456232455,4,0.06374480998490052,0.0009780455904232054
50-80%,6.715555344637606,7.214936280974467,6.965245812806036,0.49938093633686087,3,0.04449954054159582,0.0006355053749047059
50-80%,7.214936280974467,7.751452093993688,7.483194187484077,0.5365158130192214,0,0.0,0.0
50-80%,7.751452093993688,8.327864200813686,8.039658147403687,0.5764121068199977,1,0.01285088796672447,0.00015899947994717095
50-80%,8.327864200813686,8.947139362563245,8.637501781688465,0.6192751617495595,0,0.0,0.0
50-80%,8.947139362563245,9.612464954136392,9.279802158349819,0.6653255915731471,4,0.044534029661433966,0.00047736813481260486
50-80%,9.612464954136392,10.327265369434123,9.969865161785258,0.7148004152977308,2,0.020725806110009192,0.00020678655368228053
50-80%,10.327265369434123,11.095219646529811,10.711242507981968,0.7679542770956882,3,0.028936907944915713,0.00026872769042646737
50-80%,11.095219646529811,11.920280403473985,11.507750025001897,0.8250607569441737,1,0.008978014461435133,7.760505841625665e-05
50-80%,11.920280403473985,12.806694182200129,12.363487292837057,0.8864137787261441,0,0.0,0.0
50-80%,12.806694182200129,13.759023305240364,13.282858743720247,0.9523291230402346,1,0.007778201073763083,5.824890433682736e-05
50-80%,13.759023305240364,14.782169357746376,14.270596331493369,1.0231460525060125,0,0.0,0.0
50-80%,14.782169357746376,15.88139841567617,15.331783886711273,1.0992290579297936,2,0.01347745923194201,8.744107473618247e-05
50-80%,15.88139841567617,17.062368149994857,16.471883282835513,1.180969734318687,0,0.0,0.0
50-80%,17.062368149994857,18.331156946393122,17.696762548193988,1.2687887963982654,0,0.0,0.0
50-80%,18.331156946393122,19.694295190401107,19.012726068397114,1.3631382440079847,0,0.0,0.0
50-80%,19.694295190401107,21.158798878920376,20.426547034660743,1.4645036885192688,1,0.005057964322982958,2.4630938069807725e-05
50-80%,21.158798878920376,22.732205731170623,21.9455023050455,1.5734068522502476,1,0.0047078779381273935,2.1339282729529587e-05
50-80%,22.732205731170623,24.422613984912232,23.577409858041428,1.6904082537416087,0,0.0,0.0
50-80%,24.422613984912232,26.238724077626735,25.330669031269483,1.8161100927145029,2,0.008157443138632313,3.203373243176366e-05
50-80%,26.238724077626735,28.189883427185617,27.214303752406174,1.951159349558882,0,0.0,0.0
50-80%,28.189883427185617,30.286134542491496,29.238008984838558,2.096251115305879,1,0.0035336450644304317,1.2021959998798452e-05
50-80%,30.286134542491496,32.53826671171416,31.412200627102827,2.252132169222662,0,0.0,0.0
50-80%,32.53826671171416,34.9578715341581,33.74806912293613,2.4196048224439437,0,0.0,0.0
50-80%,34.9578715341581,37.5574025815809,36.2576370578695,2.5995310474228006,2,0.005699033612044126,1.5635143445021064e-05
50-80%,37.5574025815809,40.35023949603599,38.95382103880844,2.792836914455087,0,0.0,0.0
50-80%,40.35023949603599,43.350756854148,41.850498175092,3.0005173581120133,0,0.0,0.0
50-80%,43.350756854148,46.57439815226082,44.962577503204415,3.223641298112817,1,0.002297838600015408,5.0835660443641835e-06
